Course,Section,Faculty,Capacity,Timing
CSE101,1,MAR,0/30,M 10:10 AM - 11:40 AM
CSE101,1,MAR,0/30,W 10:10 AM - 11:40 AM
CSE101,2,MIR,0/30,W 10:10 AM - 11:40 AM
CSE101,2,MIR,0/30,M 10:10 AM - 11:40 AM
CSE101,3,AUR,0/30,T 04:50 PM - 06:20 PM
CSE101,3,AUR,0/30,R 04:50 PM - 06:20 PM
CSE101,4,SJA,0/30,W 08:30 AM - 10:00 AM
CSE101,4,SJA,0/30,M 08:30 AM - 10:00 AM
CSE101,5,TZE,0/30,S 03:10 PM - 04:40 PM
CSE101,5,TZE,0/30,T 03:10 PM - 04:40 PM
CSE101,6,TZE,0/30,T 04:50 PM - 06:20 PM
CSE101,6,TZE,0/30,S 04:50 PM - 06:20 PM
CSE101,7,AQUIB,0/30,S 03:10 PM - 04:40 PM
CSE101,7,AQUIB,0/30,T 03:10 PM - 04:40 PM
CSE101,8,AQUIB,0/30,T 04:50 PM - 06:20 PM
CSE101,8,AQUIB,0/30,S 04:50 PM - 06:20 PM
CSE101,9,SGA,0/30,T 03:10 PM - 04:40 PM
CSE101,9,SGA,0/30,R 03:10 PM - 04:40 PM
CSE101,10,ARSA,0/30,W 01:30 PM - 03:00 PM
CSE101,10,ARSA,0/30,M 01:30 PM - 03:00 PM
CSE101,11,TBA,0/30,M 04:50 PM - 06:20 PM
CSE101,11,TBA,0/30,W 04:50 PM - 06:20 PM
CSE101,12,TBA,0/30,W 04:50 PM - 06:20 PM
CSE101,12,TBA,0/30,M 04:50 PM - 06:20 PM
CSE101,13,TBA,0/30,M 04:50 PM - 06:20 PM
CSE101,13,TBA,0/30,W 04:50 PM - 06:20 PM
CSE101,14,TBA,0/30,R 04:50 PM - 06:20 PM
CSE101,14,TBA,0/30,S 04:50 PM - 06:20 PM
CSE101,15,TBA,0/30,S 04:50 PM - 06:20 PM
CSE101,15,TBA,0/30,R 04:50 PM - 06:20 PM
CSE101,16,TBA,0/30,R 03:10 PM - 04:40 PM
CSE101,16,TBA,0/30,S 03:10 PM - 04:40 PM
CSE101,17,TBA,0/30,R 04:50 PM - 06:20 PM
CSE101,17,TBA,0/30,T 04:50 PM - 06:20 PM
CSE101,18,TBA,0/30,W 04:50 PM - 06:20 PM
CSE101,18,TBA,0/30,M 04:50 PM - 06:20 PM
CSE101,19,TBA,0/30,M 04:50 PM - 06:20 PM
CSE101,19,TBA,0/30,W 04:50 PM - 06:20 PM
CSE102,1,FZRN,0/30,R 04:50 PM - 06:20 PM
CSE102,1,FZRN,0/30,T 04:50 PM - 06:20 PM
CSE102,2,MAHCY,0/30,M 08:30 AM - 10:00 AM
CSE102,2,MAHCY,0/30,W 08:30 AM - 10:00 AM
CSE102,3,TBA,0/30,R 04:50 PM - 06:20 PM
CSE102,3,TBA,0/30,S 04:50 PM - 06:20 PM
CSE103,1,TJ,0/30,MW 11:50 AM - 01:20 PM
CSE103,1,TJ,0/30,T 10:10 AM - 01:10 PM
CSE103,2,DMIM,0/30,R 08:30 AM - 11:30 AM
CSE103,2,DMIM,0/30,ST 08:30 AM - 10:00 AM
CSE103,3,DAHF,0/30,ST 11:50 AM - 01:20 PM
CSE103,3,DAHF,0/30,M 04:50 PM - 07:50 PM
CSE103,4,DAHF,0/30,S 08:00 AM - 11:00 AM
CSE103,4,DAHF,0/30,MW 03:10 PM - 04:40 PM
CSE103,5,MRJ,0/30,ST 01:30 PM - 03:00 PM
CSE103,5,MRJ,0/30,R 04:50 PM - 06:50 PM
CSE103,6,PC,0/30,R 01:30 PM - 03:00 PM
CSE103,6,PC,0/30,W 03:10 PM - 06:20 PM
CSE103,6,PC,0/30,S 01:30 PM - 03:00 PM
CSE103,7,RIFAT,0/30,T 08:00 AM - 11:00 AM
CSE103,7,RIFAT,0/30,SR 10:10 AM - 11:40 AM
CSE103,8,MIR,0/30,T 04:50 PM - 07:50 PM
CSE103,8,MIR,0/30,SR 10:10 AM - 11:40 AM
CSE103,9,KMSK,0/30,S 08:00 AM - 11:00 AM
CSE103,9,KMSK,0/30,TR 08:30 AM - 10:00 AM
CSE103,10,MAMRD,0/30,MW 03:10 PM - 04:40 PM
CSE103,10,MAMRD,0/30,R 03:10 PM - 06:10 PM
CSE103,11,DHMAI,0/30,S 01:30 PM - 03:00 PM
CSE103,11,DHMAI,0/30,R 01:30 PM - 03:00 PM
CSE103,11,DHMAI,0/30,W 01:30 PM - 04:30 PM
CSE103,12,MMSY,0/30,MW 08:30 AM - 10:00 AM
CSE103,12,MI,0/30,S 08:30 AM - 11:30 AM
CSE103,13,TBA,0/30,TR 04:50 PM - 06:20 PM
CSE103,13,TBA,0/30,S 04:50 PM - 07:50 PM
CSE103,14,TBA,0/30,W 04:50 PM - 07:50 PM
CSE103,14,TBA,0/30,S 08:30 AM - 10:00 AM
CSE103,14,TBA,0/30,R 08:30 AM - 10:00 AM
CSE103,15,TBA,0/30,R 10:10 AM - 11:40 AM
CSE103,15,TBA,0/30,S 10:10 AM - 11:40 AM
CSE103,15,TBA,0/30,M 08:00 AM - 10:00 AM
CSE106,1,MHAK,0/40,ST 10:10 AM - 11:40 AM
CSE106,2,MHAK,0/40,MW 10:10 AM - 11:40 AM
CSE106,3,MHAK,0/40,ST 01:30 PM - 03:00 PM
CSE106,4,MHAK,0/40,MW 01:30 PM - 03:00 PM
CSE106,5,DSU,0/40,MW 01:30 PM - 03:00 PM
CSE106,6,DTS,0/40,MW 08:30 AM - 10:00 AM
CSE106,7,TBA,0/40,SR 04:50 PM - 06:20 PM
CSE106,8,TBA,0/40,SR 04:50 PM - 06:20 PM
CSE106,9,AASR,0/40,MW 10:10 AM - 11:40 AM
CSE106,10,AASR,0/40,MW 01:30 PM - 03:00 PM
CSE106,11,SDNA,0/40,MW 03:10 PM - 04:40 PM
CSE106,12,PC,0/40,MW 01:30 PM - 03:00 PM
CSE106,13,MAHCY,0/40,SR 01:30 PM - 03:00 PM
CSE106,14,MOON,0/40,MW 08:30 AM - 10:00 AM
CSE106,15,TBA,0/40,T 08:30 AM - 10:00 AM
CSE106,15,TBA,0/40,R 08:30 AM - 10:00 AM
CSE106,16,TBA,0/40,SR 04:50 PM - 06:20 PM
CSE106,17,TBA,0/40,R 10:10 AM - 11:40 AM
CSE106,17,TBA,0/40,S 10:10 AM - 11:40 AM
CSE106,18,TBA,0/40,R 08:30 AM - 10:00 AM
CSE106,18,TBA,0/40,T 08:30 AM - 10:00 AM
CSE108,1,RIFAT,0/30,MW 04:50 PM - 06:20 PM
CSE108,1,RIFAT,0/30,M 01:30 PM - 03:30 PM
CSE108,2,MOON,0/30,S 08:00 AM - 10:00 AM
CSE108,2,MOON,0/30,TR 08:30 AM - 10:00 AM
CSE108,3,TBA,0/30,SR 01:30 PM - 03:00 PM
CSE108,3,TBA,0/30,S 04:50 PM - 06:50 PM
CSE108,4,TBA,0/30,M 04:50 PM - 06:50 PM
CSE108,4,TBA,0/30,S 11:50 AM - 01:20 PM
CSE108,4,TBA,0/30,R 11:50 AM - 01:20 PM
CSE108,5,TBA,0/30,SR 03:10 PM - 04:40 PM
CSE108,5,TBA,0/30,T 08:00 AM - 10:00 AM
CSE110,1,DMRH,0/30,M 03:10 PM - 06:10 PM
CSE110,1,DMRH,0/30,MW 01:30 PM - 03:00 PM
CSE110,2,MKR,0/30,W 01:30 PM - 04:30 PM
CSE110,2,MKR,0/30,ST 01:30 PM - 03:00 PM
CSE110,3,IMRAN,0/30,W 04:50 PM - 07:50 PM
CSE110,3,IMRAN,0/30,T 01:30 PM - 03:00 PM
CSE110,3,IMRAN,0/30,R 01:30 PM - 03:00 PM
CSE110,4,FZRN,0/30,R 08:00 AM - 10:00 AM
CSE110,4,FZRN,0/30,R 11:50 AM - 01:20 PM
CSE110,4,FZRN,0/30,T 11:50 AM - 01:20 PM
CSE110,5,SABBIR,0/30,R 08:00 AM - 11:00 AM
CSE110,5,SABBIR,0/30,ST 08:30 AM - 10:00 AM
CSE110,6,PROMA,0/30,SR 08:30 AM - 10:00 AM
CSE110,6,PROMA,0/30,T 08:00 AM - 11:00 AM
CSE110,7,PROMA,0/30,TR 04:50 PM - 06:20 PM
CSE110,7,PROMA,0/30,T 11:50 AM - 02:50 PM
CSE110,8,SUDDIN,0/30,SR 01:30 PM - 03:00 PM
CSE110,8,SUDDIN,0/30,T 03:10 PM - 06:10 PM
CSE110,9,TBA,0/30,W 01:30 PM - 03:30 PM
CSE110,9,TBA,0/30,T 08:30 AM - 10:00 AM
CSE110,9,TBA,0/30,R 08:30 AM - 10:00 AM
CSE200,1,AASR,0/30,S 10:10 AM - 12:10 PM
CSE200,2,FZRN,0/30,W 11:50 AM - 01:50 PM
CSE200,3,TBA,0/30,T 04:50 PM - 06:50 PM
CSE200,4,MAHCY,0/30,T 08:00 AM - 10:00 AM
CSE200,5,RIFAT,0/30,W 01:30 PM - 03:30 PM
CSE200,6,KMSK,0/30,R 01:30 PM - 03:30 PM
CSE200,7,MAMRD,0/30,T 01:30 PM - 03:30 PM
CSE200,8,MYMA,0/30,M 04:50 PM - 06:50 PM
CSE200,9,TBA,0/30,M 01:30 PM - 03:30 PM
CSE200,10,TBA,0/30,M 01:30 PM - 03:30 PM
CSE200,11,TBA,0/30,M 08:00 AM - 10:00 AM
CSE200,12,TBA,0/30,M 08:00 AM - 10:00 AM
CSE200,13,TBA,0/30,M 03:10 PM - 05:10 PM
CSE200,14,TBA,0/30,M 03:10 PM - 05:10 PM
CSE200,15,TBA,0/30,M 04:50 PM - 06:50 PM
CSE200,16,TBA,0/30,M 04:50 PM - 06:50 PM
CSE200,17,TBA,0/30,M 10:10 AM - 12:10 PM
CSE200,18,TBA,0/30,M 10:10 AM - 12:10 PM
CSE200,19,TBA,0/30,W 10:10 AM - 12:10 PM
CSE207,1,MI,0/30,MW 10:10 AM - 11:40 AM
CSE207,1,MI,0/30,T 10:10 AM - 12:10 PM
CSE207,2,MI,0/30,T 01:30 PM - 03:30 PM
CSE207,2,MI,0/30,MW 08:30 AM - 10:00 AM
CSE207,3,DAKP,0/30,ST 01:30 PM - 03:00 PM
CSE207,3,DAKP,0/30,R 01:30 PM - 03:30 PM
CSE207,4,ATIQ,0/30,R 10:10 AM - 12:10 PM
CSE207,4,ATIQ,0/30,ST 11:50 AM - 01:20 PM
CSE207,5,ATIQ,0/30,MW 01:30 PM - 03:00 PM
CSE207,5,ATIQ,0/30,R 04:50 PM - 06:50 PM
CSE207,6,AASR,0/30,ST 08:30 AM - 10:00 AM
CSE207,6,AASR,0/30,R 08:00 AM - 10:00 AM
CSE207,7,TBA,0/30,M 04:50 PM - 06:50 PM
CSE207,7,TBA,0/30,MW 01:30 PM - 03:00 PM
CSE207,8,TBA,0/30,MW 03:10 PM - 04:40 PM
CSE207,8,TBA,0/30,W 04:50 PM - 06:50 PM
CSE207,9,RIFAT,0/30,S 01:30 PM - 03:30 PM
CSE207,9,RIFAT,0/30,SR 08:30 AM - 10:00 AM
CSE207,10,MIR,0/30,SR 04:50 PM - 06:20 PM
CSE207,10,MIR,0/30,W 03:10 PM - 05:10 PM
CSE207,11,MYMA,0/30,T 01:30 PM - 03:30 PM
CSE207,11,MYMA,0/30,TR 04:50 PM - 06:20 PM
CSE207,12,MMLI,0/30,MW 01:30 PM - 03:00 PM
CSE207,12,MMLI,0/30,W 04:50 PM - 06:50 PM
CSE207,13,TBA,0/30,S 08:30 AM - 10:00 AM
CSE207,13,TBA,0/30,R 08:30 AM - 10:00 AM
CSE209,1,SJ,0/30,R 08:00 AM - 10:00 AM
CSE209,1,SJ,0/30,MW 08:30 AM - 10:00 AM
CSE209,2,ALI,0/30,ST 01:30 PM - 03:00 PM
CSE209,2,ALI,0/30,R 01:30 PM - 03:30 PM
CSE209,3,DZIM,0/30,R 08:00 AM - 10:00 AM
CSE209,3,DZIM,0/30,MW 08:30 AM - 10:00 AM
CSE209,4,DZIM,0/30,SR 11:50 AM - 01:20 PM
CSE209,4,DZIM,0/30,T 08:00 AM - 10:00 AM
CSE209,5,RDA,0/30,T 08:00 AM - 10:00 AM
CSE209,5,RDA,0/30,MW 03:10 PM - 04:40 PM
CSE209,6,SHK,0/30,R 11:50 AM - 01:20 PM
CSE209,6,SHK,0/30,S 11:50 AM - 01:20 PM
CSE209,6,SHK,0/30,S 08:00 AM - 10:00 AM
CSE209,7,SHK,0/30,MW 11:50 AM - 01:20 PM
CSE209,7,SHK,0/30,T 04:50 PM - 06:50 PM
CSE209,8,MKN,0/30,S 10:10 AM - 11:40 AM
CSE209,8,MKN,0/30,R 10:10 AM - 12:10 PM
CSE209,8,MKN,0/30,T 10:10 AM - 11:40 AM
CSE209,9,MKN,0/30,W 01:30 PM - 03:30 PM
CSE209,9,MKN,0/30,MW 10:10 AM - 11:40 AM
CSE209,10,SJA,0/30,S 04:50 PM - 06:20 PM
CSE209,10,SJA,0/30,R 10:10 AM - 12:10 PM
CSE209,10,SJA,0/30,T 04:50 PM - 06:20 PM
CSE209,11,DSMU,0/30,M 04:50 PM - 06:50 PM
CSE209,11,DSMU,0/30,MW 01:30 PM - 03:00 PM
CSE209,12,SJA,0/30,M 01:30 PM - 03:30 PM
CSE209,12,DMSA,0/30,TR 08:30 AM - 10:00 AM
CSE209,13,SGA,0/30,T 10:10 AM - 12:10 PM
CSE209,13,SGA,0/30,TR 04:50 PM - 06:20 PM
CSE209,14,TBA,0/30,ST 04:50 PM - 06:20 PM
CSE209,14,TBA,0/30,S 08:00 AM - 10:00 AM
CSE227,1,TTB,0/30,S 04:50 PM - 06:50 PM
CSE227,1,TTB,0/30,MW 08:30 AM - 10:00 AM
CSE246,1,TJ,0/30,MW 03:10 PM - 04:40 PM
CSE246,1,TJ,0/30,R 10:10 AM - 01:10 PM
CSE246,2,DAKP,0/30,S 10:10 AM - 01:10 PM
CSE246,2,DAKP,0/30,T 10:10 AM - 11:40 AM
CSE246,2,DAKP,0/30,R 10:10 AM - 11:40 AM
CSE246,3,DTBI,0/30,MW 11:50 AM - 01:20 PM
CSE246,3,DTBI,0/30,S 08:00 AM - 11:00 AM
CSE246,4,FHUQ,0/30,T 08:00 AM - 10:00 AM
CSE246,4,FHUQ,0/30,SR 08:30 AM - 10:00 AM
CSE246,5,AASR,0/30,SR 01:30 PM - 03:00 PM
CSE246,5,AASR,0/30,W 04:50 PM - 06:50 PM
CSE246,6,PC,0/30,SR 10:10 AM - 11:40 AM
CSE246,6,PC,0/30,R 08:00 AM - 10:00 AM
CSE246,7,PC,0/30,SR 04:50 PM - 06:20 PM
CSE246,7,PC,0/30,M 04:50 PM - 07:50 PM
CSE246,8,KMSK,0/30,SR 11:50 AM - 01:20 PM
CSE246,8,KMSK,0/30,W 04:50 PM - 07:50 PM
CSE246,9,MAMRD,0/30,T 08:00 AM - 11:00 AM
CSE246,9,MAMRD,0/30,SR 11:50 AM - 01:20 PM
CSE246,10,TTB,0/30,R 04:50 PM - 06:50 PM
CSE246,10,TTB,0/30,SR 08:30 AM - 10:00 AM
CSE246,11,DMZM,0/30,S 04:50 PM - 06:50 PM
CSE246,11,DMZM,0/30,S 01:30 PM - 03:00 PM
CSE246,11,DMZM,0/30,T 01:30 PM - 03:00 PM
CSE246,12,DHMAI,0/30,S 08:00 AM - 11:00 AM
CSE246,12,DHMAI,0/30,T 10:10 AM - 11:40 AM
CSE246,12,DHMAI,0/30,R 10:10 AM - 11:40 AM
CSE246,13,TBA,0/30,W 01:30 PM - 04:30 PM
CSE246,13,MMSY,0/30,MW 10:10 AM - 11:40 AM
CSE246,14,ARSA,0/30,MW 03:10 PM - 04:40 PM
CSE246,14,ARSA,0/30,W 04:50 PM - 07:50 PM
CSE251,1,SJ,0/30,M 10:10 AM - 12:10 PM
CSE251,1,SJ,0/30,ST 08:30 AM - 10:00 AM
CSE251,2,SJ,0/30,W 10:10 AM - 12:10 PM
CSE251,2,SJ,0/30,S 10:10 AM - 11:40 AM
CSE251,2,SJ,0/30,T 10:10 AM - 11:40 AM
CSE251,3,DZIM,0/30,R 01:30 PM - 03:30 PM
CSE251,3,DZIM,0/30,MW 11:50 AM - 01:20 PM
CSE251,4,RDA,0/30,W 10:10 AM - 12:10 PM
CSE251,4,RDA,0/30,R 01:30 PM - 03:00 PM
CSE251,4,RDA,0/30,S 01:30 PM - 03:00 PM
CSE251,5,SJA,0/30,T 08:00 AM - 10:00 AM
CSE251,5,SJA,0/30,SR 08:30 AM - 10:00 AM
CSE251,6,SJA,0/30,MW 04:50 PM - 06:20 PM
CSE251,6,SJA,0/30,W 01:30 PM - 03:30 PM
CSE251,7,KOUSHIK,0/30,W 10:10 AM - 12:10 PM
CSE251,7,KOUSHIK,0/30,ST 01:30 PM - 03:00 PM
CSE251,8,MHR,0/30,MW 11:50 AM - 01:20 PM
CSE251,8,MHR,0/30,M 08:00 AM - 10:00 AM
CSE251,9,DOF,0/30,M 04:50 PM - 06:50 PM
CSE251,9,DOF,0/30,MW 01:30 PM - 03:00 PM
CSE251,10,DOF,0/30,W 04:50 PM - 06:50 PM
CSE251,10,DOF,0/30,MW 03:10 PM - 04:40 PM
CSE251,11,PMSR,0/30,ST 01:30 PM - 03:00 PM
CSE251,11,PMSR,0/30,S 04:50 PM - 06:50 PM
CSE251,12,PMSR,0/30,ST 03:10 PM - 04:40 PM
CSE251,12,PMSR,0/30,T 04:50 PM - 06:50 PM
CSE251,13,SSULTANA,0/30,MW 01:30 PM - 03:00 PM
CSE251,13,SSULTANA,0/30,M 04:50 PM - 06:50 PM
CSE251,14,SSULTANA,0/30,W 04:50 PM - 06:50 PM
CSE251,14,SSULTANA,0/30,MW 03:10 PM - 04:40 PM
CSE302,1,DMRH,0/30,T 01:30 PM - 04:30 PM
CSE302,1,DMRH,0/30,ST 11:50 AM - 01:20 PM
CSE302,2,MKR,0/30,S 10:10 AM - 11:40 AM
CSE302,2,MKR,0/30,M 01:30 PM - 04:30 PM
CSE302,2,MKR,0/30,R 10:10 AM - 11:40 AM
CSE302,3,MRJ,0/30,R 10:10 AM - 01:10 PM
CSE302,3,MRJ,0/30,ST 10:10 AM - 11:40 AM
CSE302,4,MRJ,0/30,MW 04:50 PM - 06:20 PM
CSE302,4,MRJ,0/30,W 01:30 PM - 04:30 PM
CSE302,5,KRI,0/30,T 11:50 AM - 02:50 PM
CSE302,5,KRI,0/30,S 11:50 AM - 01:20 PM
CSE302,5,KRI,0/30,R 11:50 AM - 01:20 PM
CSE302,6,KRI,0/30,MW 04:50 PM - 06:20 PM
CSE302,6,KRI,0/30,S 08:00 AM - 11:00 AM
CSE302,7,NISHAT,0/30,R 01:30 PM - 04:30 PM
CSE302,7,NISHAT,0/30,ST 04:50 PM - 06:20 PM
CSE302,8,SKL,0/30,S 08:00 AM - 11:00 AM
CSE302,8,SKL,0/30,TR 08:30 AM - 10:00 AM
CSE302,9,SKL,0/30,ST 11:50 AM - 01:20 PM
CSE302,9,SKL,0/30,W 08:00 AM - 11:00 AM
CSE302,10,ANTU,0/30,TR 01:30 PM - 03:00 PM
CSE302,10,ANTU,0/30,W 10:10 AM - 01:10 PM
CSE302,11,ANTU,0/30,MW 04:50 PM - 06:20 PM
CSE302,11,ANTU,0/30,S 03:10 PM - 06:10 PM
CSE302,12,NISHAT,0/30,S 01:30 PM - 04:30 PM
CSE302,12,DMSHN,0/30,TR 01:30 PM - 03:00 PM
CSE302,13,DMSHN,0/30,TR 03:10 PM - 04:40 PM
CSE302,13,KRI,0/30,S 03:10 PM - 06:10 PM
CSE302,14,TBA,0/30,R 08:30 AM - 10:00 AM
CSE302,14,TBA,0/30,R 11:50 AM - 02:50 PM
CSE302,14,TBA,0/30,S 08:30 AM - 10:00 AM
CSE302,15,TBA,0/30,M 10:10 AM - 12:10 PM
CSE302,15,TBA,0/30,ST 04:50 PM - 06:20 PM
CSE302,16,SDNA,0/30,S 11:50 AM - 01:20 PM
CSE302,16,SDNA,0/30,M 08:00 AM - 10:00 AM
CSE302,16,SDNA,0/30,R 11:50 AM - 01:20 PM
CSE302,17,SDNA,0/30,T 04:50 PM - 07:50 PM
CSE302,17,SDNA,0/30,MW 11:50 AM - 01:20 PM
CSE303,1,DMIM,0/30,ST 01:30 PM - 03:00 PM
CSE303,1,DMIM,0/30,M 08:00 AM - 10:00 AM
CSE303,2,DMIM,0/30,W 08:00 AM - 10:00 AM
CSE303,2,DMIM,0/30,MW 01:30 PM - 03:00 PM
CSE303,3,DAHF,0/30,MW 11:50 AM - 01:20 PM
CSE303,3,DAHF,0/30,T 03:10 PM - 05:10 PM
CSE303,4,NAFIS,0/30,T 08:00 AM - 10:00 AM
CSE303,4,NAFIS,0/30,SR 08:30 AM - 10:00 AM
CSE303,5,MAMRD,0/30,ST 04:50 PM - 06:20 PM
CSE303,5,MAMRD,0/30,S 01:30 PM - 03:30 PM
CSE303,6,SAJID,0/30,S 01:30 PM - 03:30 PM
CSE303,6,SAJID,0/30,MW 08:30 AM - 10:00 AM
CSE303,7,DMIR,0/30,MW 10:10 AM - 11:40 AM
CSE303,7,TTB,0/30,S 11:50 AM - 01:50 PM
CSE303,8,TTB,0/30,T 11:50 AM - 01:50 PM
CSE303,8,DMIR,0/30,MW 11:50 AM - 01:20 PM
CSE303,9,TBA,0/30,MW 04:50 PM - 06:20 PM
CSE303,9,TBA,0/30,M 10:10 AM - 12:10 PM
CSE325,1,DSHR,0/30,ST 08:30 AM - 10:00 AM
CSE325,1,KRI,0/30,R 08:00 AM - 10:00 AM
CSE325,2,NISHAT,0/30,R 08:00 AM - 10:00 AM
CSE325,2,DSHR,0/30,MW 08:30 AM - 10:00 AM
CSE325,3,NYA,0/30,ST 10:10 AM - 11:40 AM
CSE325,3,MOON,0/30,T 03:10 PM - 05:10 PM
CSE325,4,KRI,0/30,T 04:50 PM - 06:50 PM
CSE325,4,KRI,0/30,MW 03:10 PM - 04:40 PM
CSE325,5,NISHAT,0/30,TR 10:10 AM - 11:40 AM
CSE325,5,NISHAT,0/30,R 04:50 PM - 06:50 PM
CSE325,6,MOON,0/30,R 11:50 AM - 01:50 PM
CSE325,6,MOON,0/30,SR 04:50 PM - 06:20 PM
CSE325,7,MOON,0/30,W 03:10 PM - 05:10 PM
CSE325,7,MOON,0/30,MW 11:50 AM - 01:20 PM
CSE325,8,AUR,0/30,S 01:30 PM - 03:30 PM
CSE325,8,AUR,0/30,R 01:30 PM - 03:00 PM
CSE325,8,AUR,0/30,T 01:30 PM - 03:00 PM
CSE325,9,AUR,0/30,S 04:50 PM - 06:50 PM
CSE325,9,AUR,0/30,MW 03:10 PM - 04:40 PM
CSE325,10,MYMA,0/30,ST 10:10 AM - 11:40 AM
CSE325,10,MYMA,0/30,S 04:50 PM - 06:50 PM
CSE325,11,PMTI,0/30,R 08:00 AM - 10:00 AM
CSE325,11,PMTI,0/30,TR 11:50 AM - 01:20 PM
CSE325,12,DHMAI,0/30,MW 10:10 AM - 11:40 AM
CSE325,12,DHMAI,0/30,M 01:30 PM - 03:30 PM
CSE325,13,TBA,0/30,S 03:10 PM - 04:40 PM
CSE325,13,TBA,0/30,M 10:10 AM - 12:10 PM
CSE325,13,TBA,0/30,R 03:10 PM - 04:40 PM
CSE345,1,ALI,0/30,S 10:10 AM - 12:10 PM
CSE345,1,ALI,0/30,MW 11:50 AM - 01:20 PM
CSE345,2,ALI,0/30,MW 03:10 PM - 04:40 PM
CSE345,2,ALI,0/30,R 10:10 AM - 12:10 PM
CSE345,3,DZIM,0/30,T 04:50 PM - 06:50 PM
CSE345,3,DZIM,0/30,MW 03:10 PM - 04:40 PM
CSE345,4,SHK,0/30,SR 03:10 PM - 04:40 PM
CSE345,4,SHK,0/30,R 04:50 PM - 06:50 PM
CSE345,5,MKN,0/30,M 01:30 PM - 03:30 PM
CSE345,5,MKN,0/30,S 01:30 PM - 03:00 PM
CSE345,5,MKN,0/30,T 01:30 PM - 03:00 PM
CSE345,6,KOUSHIK,0/30,T 10:10 AM - 12:10 PM
CSE345,6,KOUSHIK,0/30,SR 08:30 AM - 10:00 AM
CSE345,7,KOUSHIK,0/30,R 01:30 PM - 03:30 PM
CSE345,7,KOUSHIK,0/30,MW 01:30 PM - 03:00 PM
CSE345,8,TAA,0/30,SR 03:10 PM - 04:40 PM
CSE345,8,TBA,0/30,T 03:10 PM - 05:10 PM
CSE347,1,DHJ,0/30,T 08:00 AM - 10:00 AM
CSE347,1,DHJ,0/30,S 08:30 AM - 10:00 AM
CSE347,1,DHJ,0/30,R 08:30 AM - 10:00 AM
CSE347,2,DHJ,0/30,MW 11:50 AM - 01:20 PM
CSE347,2,DHJ,0/30,R 01:30 PM - 03:30 PM
CSE347,3,NTN,0/30,SR 10:10 AM - 11:40 AM
CSE347,3,NTN,0/30,M 01:30 PM - 03:30 PM
CSE347,4,NTN,0/30,M 10:10 AM - 11:40 AM
CSE347,4,NTN,0/30,T 08:00 AM - 10:00 AM
CSE347,4,NTN,0/30,W 10:10 AM - 11:40 AM
CSE347,5,ARMAN,0/30,M 10:10 AM - 12:10 PM
CSE347,5,ARMAN,0/30,MW 03:10 PM - 04:40 PM
CSE347,6,SABBIR,0/30,MW 08:30 AM - 10:00 AM
CSE347,6,SABBIR,0/30,R 01:30 PM - 03:30 PM
CSE347,7,TBA,0/30,R 10:10 AM - 12:10 PM
CSE347,7,TBA,0/30,SR 08:30 AM - 10:00 AM
CSE347,8,TBA,0/30,TR 04:50 PM - 06:20 PM
CSE347,8,TBA,0/30,W 10:10 AM - 12:10 PM
CSE347,9,TBA,0/30,W 10:10 AM - 12:10 PM
CSE347,9,TBA,0/30,S 10:10 AM - 11:40 AM
CSE347,9,TBA,0/30,R 10:10 AM - 11:40 AM
CSE350,1,KHALID,0/30,T 10:10 AM - 12:10 PM
CSE350,1,KHALID,0/30,S 11:50 AM - 01:20 PM
CSE350,1,KHALID,0/30,R 11:50 AM - 01:20 PM
CSE350,2,NAHID,0/30,MW 10:10 AM - 11:40 AM
CSE350,2,NAHID,0/30,S 04:50 PM - 06:50 PM
CSE350,3,TBA,0/30,T 01:30 PM - 03:30 PM
CSE350,3,TBA,0/30,TR 10:10 AM - 11:40 AM
CSE350,4,TBA,0/30,SR 04:50 PM - 06:20 PM
CSE350,4,TBA,0/30,W 08:00 AM - 10:00 AM
CSE350,5,TBA,0/30,R 08:30 AM - 10:00 AM
CSE350,5,TBA,0/30,S 08:30 AM - 10:00 AM
CSE350,5,TBA,0/30,S 10:10 AM - 12:10 PM
CSE360,1,NYA,0/40,ST 01:30 PM - 03:00 PM
CSE360,2,ATIQ,0/40,MW 04:50 PM - 06:20 PM
CSE360,3,SHK,0/40,MW 03:10 PM - 04:40 PM
CSE360,4,SDNA,0/40,SR 03:10 PM - 04:40 PM
CSE360,5,FZRN,0/40,SR 03:10 PM - 04:40 PM
CSE360,6,FZRN,0/40,MW 04:50 PM - 06:20 PM
CSE366,1,DTS,0/30,SR 08:30 AM - 10:00 AM
CSE366,1,DTS,0/30,T 08:00 AM - 10:00 AM
CSE366,2,DTS,0/30,R 10:10 AM - 12:10 PM
CSE366,2,DTS,0/30,MW 11:50 AM - 01:20 PM
CSE366,3,IMRAN,0/30,ST 10:10 AM - 11:40 AM
CSE366,3,IMRAN,0/30,R 08:00 AM - 10:00 AM
CSE366,4,IMRAN,0/30,S 08:00 AM - 10:00 AM
CSE366,4,IMRAN,0/30,ST 04:50 PM - 06:20 PM
CSE366,5,ARMAN,0/30,SR 03:10 PM - 04:40 PM
CSE366,5,ARMAN,0/30,T 04:50 PM - 06:50 PM
CSE366,6,MIR,0/30,S 01:30 PM - 03:30 PM
CSE366,6,MIR,0/30,TR 01:30 PM - 03:00 PM
CSE366,7,NAHID,0/30,TR 10:10 AM - 11:40 AM
CSE366,7,NAHID,0/30,S 10:10 AM - 12:10 PM
CSE366,8,NAHID,0/30,T 04:50 PM - 06:50 PM
CSE366,8,NAHID,0/30,SR 08:30 AM - 10:00 AM
CSE366,9,KMMU,0/30,SR 03:10 PM - 04:40 PM
CSE366,9,KMMU,0/30,R 04:50 PM - 06:50 PM
CSE400,1,A,0/30,1TBA
CSE400,1,B,0/30,1TBA
CSE400,1,C,0/30,1TBA
CSE405,1,MAR,0/30,R 08:00 AM - 10:00 AM
CSE405,1,MAR,0/30,ST 08:30 AM - 10:00 AM
CSE405,2,MAR,0/30,ST 11:50 AM - 01:20 PM
CSE405,2,MAR,0/30,M 01:30 PM - 03:30 PM
CSE405,3,MAR,0/30,S 01:30 PM - 03:30 PM
CSE405,3,MAR,0/30,MW 08:30 AM - 10:00 AM
CSE405,4,FHUQ,0/30,MW 08:30 AM - 10:00 AM
CSE405,4,FHUQ,0/30,R 10:10 AM - 12:10 PM
CSE405,5,FHUQ,0/30,M 10:10 AM - 12:10 PM
CSE405,5,FHUQ,0/30,S 11:50 AM - 01:20 PM
CSE405,5,FHUQ,0/30,T 11:50 AM - 01:20 PM
CSE405,6,KHALID,0/30,S 08:00 AM - 10:00 AM
CSE405,6,KHALID,0/30,MW 11:50 AM - 01:20 PM
CSE405,7,MAHCY,0/30,T 10:10 AM - 12:10 PM
CSE405,7,MAHCY,0/30,SR 10:10 AM - 11:40 AM
CSE405,8,MAHCY,0/30,MW 10:10 AM - 11:40 AM
CSE405,8,MAHCY,0/30,T 01:30 PM - 03:30 PM
CSE405,9,SAJEEB,0/30,ST 01:30 PM - 03:00 PM
CSE405,9,SAJEEB,0/30,S 04:50 PM - 06:50 PM
CSE405,10,SAJEEB,0/30,ST 03:10 PM - 04:40 PM
CSE405,10,SAJEEB,0/30,T 04:50 PM - 06:50 PM
CSE405,11,TBA,0/30,R 01:30 PM - 03:30 PM
CSE405,11,TBA,0/30,TR 11:50 AM - 01:20 PM
CSE406,1,DRUI,0/30,ST 01:30 PM - 03:00 PM
CSE406,1,DRUI,0/30,W 10:10 AM - 12:10 PM
CSE407,1,DSU,0/40,MW 10:10 AM - 11:40 AM
CSE407,2,DSU,0/40,ST 01:30 PM - 03:00 PM
CSE407,3,AMITM,0/40,MW 03:10 PM - 04:40 PM
CSE407,4,TBA,0/40,TR 04:50 PM - 06:20 PM
CSE407,5,TBA,0/40,MW 04:50 PM - 06:20 PM
CSE412,1,MMAHDI,0/30,T 04:50 PM - 06:50 PM
CSE412,1,MMAHDI,0/30,SR 03:10 PM - 04:40 PM
CSE412,2,MMAHDI,0/30,MW 03:10 PM - 04:40 PM
CSE412,2,MMAHDI,0/30,R 04:50 PM - 06:50 PM
CSE412,3,DHJ,0/30,T 01:30 PM - 03:30 PM
CSE412,3,DHJ,0/30,MW 08:30 AM - 10:00 AM
CSE412,4,NTN,0/30,SR 08:30 AM - 10:00 AM
CSE412,4,NTN,0/30,W 01:30 PM - 03:30 PM
CSE412,5,NTN,0/30,S 01:30 PM - 03:30 PM
CSE412,5,NTN,0/30,MW 08:30 AM - 10:00 AM
CSE412,6,SAJID,0/30,SR 08:30 AM - 10:00 AM
CSE412,6,SAJID,0/30,T 08:00 AM - 10:00 AM
CSE412,7,SAJID,0/30,R 10:10 AM - 12:10 PM
CSE412,7,SAJID,0/30,MW 11:50 AM - 01:20 PM
CSE420,1,TBA,0/30,SR 04:50 PM - 06:20 PM
CSE420,1,TBA,0/30,M 10:10 AM - 12:10 PM
CSE423,1,MMAHDI,0/30,T 10:10 AM - 12:10 PM
CSE423,1,MMAHDI,0/30,SR 11:50 AM - 01:20 PM
CSE428,1,TBA,0/30,S 10:10 AM - 11:40 AM
CSE428,1,TBA,0/30,R 10:10 AM - 12:10 PM
CSE428,1,TBA,0/30,R 10:10 AM - 11:40 AM
CSE430,1,MMAHDI,0/30,S 08:00 AM - 10:00 AM
CSE430,1,MMAHDI,0/30,MW 11:50 AM - 01:20 PM
CSE438,1,DAWR,0/30,ST 11:50 AM - 01:20 PM
CSE438,1,KMSK,0/30,M 01:30 PM - 03:30 PM
CSE438,2,MAMRD,0/30,R 08:00 AM - 10:00 AM
CSE438,2,DAWR,0/30,MW 11:50 AM - 01:20 PM
CSE438,3,DAWR,0/30,ST 01:30 PM - 03:00 PM
CSE438,3,KMSK,0/30,W 01:30 PM - 03:30 PM
CSE438,4,MRAR,0/30,R 04:50 PM - 06:50 PM
CSE438,4,MRAR,0/30,ST 04:50 PM - 06:20 PM
CSE438,5,SKL,0/30,MW 03:10 PM - 04:40 PM
CSE438,5,SKL,0/30,R 01:30 PM - 03:30 PM
CSE438,6,TTB,0/30,R 10:10 AM - 12:10 PM
CSE438,6,TTB,0/30,MW 04:50 PM - 06:20 PM
CSE445,1,MRAR,0/30,R 01:30 PM - 03:30 PM
CSE445,1,MRAR,0/30,MW 01:30 PM - 03:00 PM
CSE464,1,ANTU,0/30,TR 11:50 AM - 01:20 PM
CSE464,1,ANTU,0/30,S 10:10 AM - 12:10 PM
CSE475,1,DRUI,0/30,T 10:10 AM - 12:10 PM
CSE475,1,DRUI,0/30,S 10:10 AM - 11:40 AM
CSE475,1,DRUI,0/30,R 10:10 AM - 11:40 AM
CSE475,2,DRUI,0/30,MW 01:30 PM - 03:00 PM
CSE475,2,DRUI,0/30,R 01:30 PM - 03:30 PM
CSE475,3,MRAR,0/30,T 01:30 PM - 03:30 PM
CSE475,3,MRAR,0/30,ST 11:50 AM - 01:20 PM
CSE475,4,DTBI,0/30,ST 11:50 AM - 01:20 PM
CSE475,4,DTBI,0/30,R 10:10 AM - 12:10 PM
CSE475,5,DTBI,0/30,S 03:10 PM - 05:10 PM
CSE475,5,DTBI,0/30,MW 03:10 PM - 04:40 PM
CSE475,6,NAFIS,0/30,R 01:30 PM - 03:30 PM
CSE475,6,NAFIS,0/30,MW 11:50 AM - 01:20 PM
CSE475,7,SAJID,0/30,R 01:30 PM - 03:30 PM
CSE475,7,SAJID,0/30,ST 04:50 PM - 06:20 PM
CSE475,8,KMMU,0/30,SR 01:30 PM - 03:00 PM
CSE475,8,KMMU,0/30,S 04:50 PM - 06:50 PM
CSE477,1,ATIQ,0/30,SR 03:10 PM - 04:40 PM
CSE477,1,ATIQ,0/30,T 04:50 PM - 06:50 PM
CSE477,2,AMITM,0/30,S 08:00 AM - 10:00 AM
CSE477,2,AMITM,0/30,S 11:50 AM - 01:20 PM
CSE477,2,AMITM,0/30,R 11:50 AM - 01:20 PM
CSE477,3,AMITM,0/30,MW 11:50 AM - 01:20 PM
CSE477,3,AMITM,0/30,S 04:50 PM - 06:50 PM
CSE477,4,SKL,0/30,M 08:00 AM - 10:00 AM
CSE477,4,SKL,0/30,MW 04:50 PM - 06:20 PM
CSE479,1,DSU,0/30,T 10:10 AM - 12:10 PM
CSE479,1,DSU,0/30,SR 10:10 AM - 11:40 AM
CSE479,2,ARMAN,0/30,TR 08:30 AM - 10:00 AM
CSE479,2,ARMAN,0/30,W 10:10 AM - 12:10 PM
CSE479,3,ARMAN,0/30,R 04:50 PM - 06:50 PM
CSE479,3,ARMAN,0/30,MW 04:50 PM - 06:20 PM
CSE479,4,NAHID,0/30,TR 01:30 PM - 03:00 PM
CSE479,4,NAHID,0/30,S 01:30 PM - 03:30 PM
CSE487,1,DMIM,0/40,MW 10:10 AM - 11:40 AM
CSE487,2,RDA,0/40,SR 08:30 AM - 10:00 AM
CSE487,3,RDA,0/40,TR 10:10 AM - 11:40 AM
CSE487,4,MYMA,0/40,SR 01:30 PM - 03:00 PM
CSE487,5,MYMA,0/40,MW 10:10 AM - 11:40 AM
CSE487,6,RAKIB,0/40,T 08:30 AM - 10:00 AM
CSE487,6,RAKIB,0/40,R 08:30 AM - 10:00 AM
CSE487,7,RAKIB,0/40,R 10:10 AM - 11:40 AM
CSE487,7,RAKIB,0/40,T 10:10 AM - 11:40 AM
CSE488,1,DMRH,0/30,ST 08:30 AM - 10:00 AM
CSE488,1,DMRH,0/30,S 01:30 PM - 03:30 PM
CSE488,2,TBA,0/30,T 10:10 AM - 12:10 PM
CSE488,2,TBA,0/30,S 10:10 AM - 11:40 AM
CSE488,2,TBA,0/30,R 10:10 AM - 11:40 AM
CSE489,1,MKR,0/30,MW 11:50 AM - 01:20 PM
CSE489,1,MKR,0/30,T 08:00 AM - 10:00 AM
CSE489,2,TBA,0/30,SR 03:10 PM - 04:40 PM
CSE495,1,DSHR,0/40,MW 10:10 AM - 11:40 AM
CSE495,2,DHJ,0/40,S 11:50 AM - 01:20 PM
CSE495,2,DHJ,0/40,T 11:50 AM - 01:20 PM
CSE495,3,SABBIR,0/40,TR 04:50 PM - 06:20 PM
CSE495,4,SABBIR,0/40,MW 11:50 AM - 01:20 PM
CSE495,5,PROMA,0/40,MW 08:30 AM - 10:00 AM
CSE495,6,PROMA,0/40,SR 01:30 PM - 03:00 PM
CSE495,7,DIPAYAN,0/40,MW 04:50 PM - 06:20 PM
CSE495,8,REZVI,0/40,MW 01:30 PM - 03:00 PM
CSE497,1,TBA,0/40,A 10:10 AM - 11:40 AM
CSE7104,1,NAFIS,0/40,MW 08:30 AM - 10:00 AM
CSE7104,2,NAFIS,0/40,ST 11:50 AM - 01:20 PM
ETE496,1,A,0/30,1TBA
ETE496,1,B,0/30,1TBA
ETE496,1,C,0/30,1TBA
ETE498,1,TBA,0/40,A 10:10 AM - 11:40 AM
ICE103,1,KMSK,0/30,MW 10:10 AM - 11:40 AM
ICE103,1,KMSK,0/30,S 01:30 PM - 04:30 PM
ICE103,2,AUR,0/30,W 04:50 PM - 07:50 PM
ICE103,2,AUR,0/30,ST 10:10 AM - 11:40 AM
ICE107,1,DAKP,0/30,W 10:10 AM - 12:10 PM
ICE107,1,DAKP,0/30,MW 01:30 PM - 03:00 PM
ICE107,2,AMITM,0/30,ST 03:10 PM - 04:40 PM
ICE107,2,AMITM,0/30,R 08:00 AM - 10:00 AM
ICE109,1,DSMU,0/30,W 04:50 PM - 06:50 PM
ICE109,1,DSMU,0/30,MW 03:10 PM - 04:40 PM
ICE204,1,ANTU,0/40,TR 04:50 PM - 06:20 PM
ICE207,1,MMLI,0/30,MW 03:10 PM - 04:40 PM
ICE207,1,MMLI,0/30,M 04:50 PM - 06:50 PM
ICE213,1,MHR,0/30,MW 10:10 AM - 11:40 AM
ICE213,1,MHR,0/30,W 08:00 AM - 10:00 AM
ICE216,1,IMRAN,0/40,MW 01:30 PM - 03:00 PM
ICE217,1,NISHAT,0/30,MW 04:50 PM - 06:20 PM
ICE217,1,NISHAT,0/30,T 08:00 AM - 10:00 AM
ICE245,1,DMZM,0/30,T 04:50 PM - 06:50 PM
ICE245,1,DMZM,0/30,ST 03:10 PM - 04:40 PM
ICE275,1,PMTI,0/30,TR 10:10 AM - 11:40 AM
ICE275,1,PMTI,0/30,T 08:00 AM - 10:00 AM
ICE302,1,KHALID,0/30,M 04:50 PM - 06:50 PM
ICE302,1,KHALID,0/30,SR 03:10 PM - 04:40 PM
ICE310,1,DMSA,0/40,T 10:10 AM - 11:40 AM
ICE310,1,DMSA,0/40,R 10:10 AM - 11:40 AM
ICE313,1,AUR,0/30,W 08:00 AM - 10:00 AM
ICE313,1,NYA,0/30,MW 10:10 AM - 11:40 AM
ICE322,1,KHALID,0/30,MW 03:10 PM - 04:40 PM
ICE322,1,KHALID,0/30,R 04:50 PM - 06:50 PM
ICE439,1,REZVI,0/40,MW 03:10 PM - 04:40 PM
ICE496,1,A,0/30,1TBA
ICE496,1,B,0/30,1TBA
ICE496,1,C,0/30,1TBA
ICE498,1,TBA,0/40,A 10:10 AM - 11:40 AM
CHE100,1,DTMA,0/40,MW 01:30 PM - 03:00 PM
CHE109,1,ZUH,0/30,W 04:50 PM - 06:50 PM
CHE109,1,ZUH,0/30,MW 10:10 AM - 11:40 AM
CHE109,2,ZUH,0/30,ST 03:10 PM - 04:40 PM
CHE109,2,ZUH,0/30,T 04:50 PM - 06:50 PM
CHE109,3,DNAK,0/30,ST 01:30 PM - 03:00 PM
CHE109,3,DNAK,0/30,T 08:00 AM - 10:00 AM
CHE109,4,DNAK,0/30,MW 10:10 AM - 11:40 AM
CHE109,4,DNAK,0/30,M 08:00 AM - 10:00 AM
CHE109,5,DNAK,0/30,S 08:00 AM - 10:00 AM
CHE109,5,DNAK,0/30,ST 10:10 AM - 11:40 AM
CHE109,6,DTMA,0/30,ST 10:10 AM - 11:40 AM
CHE109,6,DTMA,0/30,S 01:30 PM - 03:30 PM
CHE109,7,DTMA,0/30,W 10:10 AM - 12:10 PM
CHE109,7,DTMA,0/30,MW 08:30 AM - 10:00 AM
CHE109,8,MUKTA,0/30,S 01:30 PM - 03:00 PM
CHE109,8,MUKTA,0/30,T 10:10 AM - 12:10 PM
CHE109,8,MUKTA,0/30,T 01:30 PM - 03:00 PM
CHE109,9,MUKTA,0/30,MW 11:50 AM - 01:20 PM
CHE109,9,MUKTA,0/30,M 01:30 PM - 03:30 PM
CHE109,10,MUKTA,0/30,MW 08:30 AM - 10:00 AM
CHE109,10,MUKTA,0/30,S 10:10 AM - 12:10 PM
CHE109,11,TBA,0/30,T 01:30 PM - 03:30 PM
CHE109,11,TBA,0/30,ST 11:50 AM - 01:20 PM
CHE109,12,TBA,0/30,S 10:10 AM - 11:40 AM
CHE109,12,TBA,0/30,S 08:00 AM - 10:00 AM
CHE109,12,TBA,0/30,T 10:10 AM - 11:40 AM
CHE109,13,TBA,0/30,TR 11:50 AM - 01:20 PM
CHE109,13,TBA,0/30,R 01:30 PM - 03:30 PM
CHE109,14,TBA,0/30,T 01:30 PM - 03:30 PM
CHE109,14,TBA,0/30,T 10:10 AM - 11:40 AM
CHE109,14,TBA,0/30,R 10:10 AM - 11:40 AM
CHE109,15,TBA,0/30,TR 01:30 PM - 03:00 PM
CHE109,15,TBA,0/30,S 04:50 PM - 06:50 PM
CHE109,16,TBA,0/30,R 04:50 PM - 06:50 PM
CHE109,16,TBA,0/30,TR 08:30 AM - 10:00 AM
CHE109,17,TBA,0/30,TR 03:10 PM - 04:40 PM
CHE109,17,TBA,0/30,T 10:10 AM - 12:10 PM
CHE109,18,TBA,0/30,TR 01:30 PM - 03:00 PM
CHE109,18,TBA,0/30,R 10:10 AM - 12:10 PM
CHE109,19,TBA,0/30,S 08:00 AM - 10:00 AM
CHE109,19,TBA,0/30,TR 03:10 PM - 04:40 PM
CHE7107,1,TBA,0/30,MW 01:30 PM - 03:00 PM
CHE7107,1,DTMA,0/30,M 10:10 AM - 12:10 PM
CHE7107,2,ZUH,0/30,M 04:50 PM - 06:50 PM
CHE7107,2,ZUH,0/30,MW 03:10 PM - 04:40 PM
CS191,1,TBA,0/30,SR 10:10 AM - 11:40 AM
CS191,1,TBA,0/30,R 10:10 AM - 12:10 PM
CS191,2,TBA,0/30,W 08:00 AM - 10:00 AM
CS191,2,TBA,0/30,T 08:30 AM - 10:00 AM
CS191,2,TBA,0/30,R 08:30 AM - 10:00 AM
CS191,3,TBA,0/30,MW 04:50 PM - 06:20 PM
CS191,3,TBA,0/30,S 08:00 AM - 10:00 AM
CS217,1,TBA,0/30,MW 08:30 AM - 10:00 AM
CS217,1,TBA,0/30,M 01:30 PM - 03:30 PM
CS295,1,DPCS,0/30,R 01:30 PM - 03:30 PM
CS295,1,DPCS,0/30,ST 10:10 AM - 11:40 AM
CS295,2,MAIS,0/30,MW 04:50 PM - 06:20 PM
CS295,2,MAIS,0/30,W 08:00 AM - 10:00 AM
CS295,3,SDSS,0/30,S 08:00 AM - 10:00 AM
CS295,3,SDSS,0/30,S 01:30 PM - 03:00 PM
CS295,3,SDSS,0/30,R 01:30 PM - 03:00 PM
CS312,1,TBA,0/30,W 01:30 PM - 03:30 PM
CS312,1,TBA,0/30,MW 11:50 AM - 01:20 PM
CS397,1,SDSS,0/30,R 11:50 AM - 01:20 PM
CS397,1,SDSS,0/30,S 11:50 AM - 01:20 PM
CS397,1,SDSS,0/30,T 08:00 AM - 10:00 AM
CS397,2,SDSS,0/30,R 08:00 AM - 10:00 AM
CS397,2,SDSS,0/30,MW 04:50 PM - 06:20 PM
DSA101,1,FMAR,0/30,S 08:00 AM - 10:00 AM
DSA101,1,FMAR,0/30,S 11:50 AM - 01:20 PM
DSA101,1,FMAR,0/30,R 11:50 AM - 01:20 PM
DSA101,2,FMAR,0/30,MW 11:50 AM - 01:20 PM
DSA101,2,FMAR,0/30,R 08:00 AM - 10:00 AM
DSA303,1,MAIS,0/40,TR 10:10 AM - 11:40 AM
DSA303,2,SAJ,0/0,MW 10:10 AM - 11:40 AM
DSA305,1,DSR,0/40,MW 11:50 AM - 01:20 PM
MAT101,1,AP,0/40,MW 10:10 AM - 11:40 AM
MAT101,2,DFK,0/40,MW 01:30 PM - 03:00 PM
MAT101,3,TD,0/40,S 08:30 AM - 10:00 AM
MAT101,3,TD,0/40,R 08:30 AM - 10:00 AM
MAT101,4,TD,0/40,R 03:10 PM - 04:40 PM
MAT101,4,TD,0/40,T 03:10 PM - 04:40 PM
MAT101,5,SUMAIYA,0/40,TR 08:30 AM - 10:00 AM
MAT101,6,TBA,0/40,TR 08:30 AM - 10:00 AM
MAT101,8,TBA,0/40,S 03:10 PM - 04:40 PM
MAT101,8,TBA,0/40,R 03:10 PM - 04:40 PM
MAT101,9,TBA,0/40,ST 11:50 AM - 01:20 PM
MAT101,10,TBA,0/40,T 01:30 PM - 03:00 PM
MAT101,10,TBA,0/40,R 01:30 PM - 03:00 PM
MAT101,11,TBA,0/40,ST 08:30 AM - 10:00 AM
MAT101,12,TBA,0/40,S 10:10 AM - 11:40 AM
MAT101,12,TBA,0/40,R 10:10 AM - 11:40 AM
MAT101,13,TBA,0/40,R 10:10 AM - 11:40 AM
MAT101,13,TBA,0/40,S 10:10 AM - 11:40 AM
MAT101,14,TBA,0/40,MW 04:50 PM - 06:20 PM
MAT101,15,TBA,0/40,S 04:50 PM - 06:20 PM
MAT101,15,TBA,0/40,T 04:50 PM - 06:20 PM
MAT101,16,TBA,0/40,S 03:10 PM - 04:40 PM
MAT101,16,TBA,0/40,R 03:10 PM - 04:40 PM
MAT101,17,TBA,0/40,ST 08:30 AM - 10:00 AM
MAT101,18,TBA,0/40,MW 01:30 PM - 03:00 PM
MAT101,19,TBA,0/40,MW 04:50 PM - 06:20 PM
MAT102,1,SIS,0/40,MW 01:30 PM - 03:00 PM
MAT102,2,SIS,0/40,ST 03:10 PM - 04:40 PM
MAT102,3,BITU,0/40,MW 10:10 AM - 11:40 AM
MAT102,4,BITU,0/40,MW 04:50 PM - 06:20 PM
MAT102,5,TBA,0/40,S 03:10 PM - 04:40 PM
MAT102,5,TBA,0/40,R 03:10 PM - 04:40 PM
MAT102,6,TBA,0/40,T 04:50 PM - 06:20 PM
MAT102,6,TBA,0/40,S 04:50 PM - 06:20 PM
MAT102,7,TBA,0/40,MW 04:50 PM - 06:20 PM
MAT102,8,TBA,0/40,T 01:30 PM - 03:00 PM
MAT102,8,TBA,0/40,R 01:30 PM - 03:00 PM
MAT102,9,TBA,0/40,MW 01:30 PM - 03:00 PM
MAT102,10,TBA,0/40,MW 04:50 PM - 06:20 PM
MAT102,11,TBA,0/40,MW 08:30 AM - 10:00 AM
MAT102,12,TBA,0/40,MW 11:50 AM - 01:20 PM
MAT102,13,TBA,0/40,ST 08:30 AM - 10:00 AM
MAT102,14,TBA,0/40,ST 11:50 AM - 01:20 PM
MAT102,15,TBA,0/40,TR 10:10 AM - 11:40 AM
MAT102,16,TBA,0/40,TR 01:30 PM - 03:00 PM
MAT102,17,TBA,0/40,MW 08:30 AM - 10:00 AM
MAT102,18,TBA,0/40,MW 11:50 AM - 01:20 PM
MAT102,19,TBA,0/40,MW 01:30 PM - 03:00 PM
MAT102,20,TBA,0/40,MW 04:50 PM - 06:20 PM
MAT102,21,TBA,0/40,MW 04:50 PM - 06:20 PM
MAT104,1,APURBO,0/40,ST 03:10 PM - 04:40 PM
MAT104,2,TBA,0/40,MW 04:50 PM - 06:20 PM
MAT104,3,TBA,0/40,S 01:30 PM - 03:00 PM
MAT104,3,TBA,0/40,R 01:30 PM - 03:00 PM
MAT104,4,TBA,0/40,R 04:50 PM - 06:20 PM
MAT104,4,TBA,0/40,S 04:50 PM - 06:20 PM
MAT104,5,TBA,0/40,MW 04:50 PM - 06:20 PM
MAT104,6,TBA,0/40,MW 04:50 PM - 06:20 PM
MAT104,7,TBA,0/40,S 03:10 PM - 04:40 PM
MAT104,7,TBA,0/40,R 03:10 PM - 04:40 PM
MAT104,8,TBA,0/40,TR 11:50 AM - 01:20 PM
MAT104,9,TBA,0/40,TR 03:10 PM - 04:40 PM
MAT104,10,TBA,0/40,SR 01:30 PM - 03:00 PM
MAT104,11,TBA,0/40,SR 04:50 PM - 06:20 PM
MAT205,1,AKMN,0/40,MW 08:30 AM - 10:00 AM
MAT205,2,APURBO,0/40,MW 04:50 PM - 06:20 PM
MAT205,3,BITU,0/40,SR 01:30 PM - 03:00 PM
MAT205,4,TBA,0/40,SR 01:30 PM - 03:00 PM
MAT205,5,TBA,0/40,SR 04:50 PM - 06:20 PM
MAT205,6,TBA,0/40,ST 01:30 PM - 03:00 PM
MAT205,7,TBA,0/40,ST 04:50 PM - 06:20 PM
MAT205,8,TBA,0/40,SR 01:30 PM - 03:00 PM
MAT205,9,TBA,0/40,SR 04:50 PM - 06:20 PM
MAT205,10,TBA,0/40,TR 04:50 PM - 06:20 PM
MAT205,11,TBA,0/40,MW 01:30 PM - 03:00 PM
MAT205,12,TBA,0/40,MW 04:50 PM - 06:20 PM
MAT205,13,TBA,0/40,ST 08:30 AM - 10:00 AM
MAT205,14,TBA,0/40,ST 08:30 AM - 10:00 AM
MAT291,1,AKMN,0/40,MW 01:30 PM - 03:00 PM
MAT291,2,APURBO,0/40,ST 04:50 PM - 06:20 PM
MAT295,1,TBA,0/40,TR 08:30 AM - 10:00 AM
MAT295,2,TBA,0/40,ST 03:10 PM - 04:40 PM
MAT295,3,TBA,0/40,ST 04:50 PM - 06:20 PM
MAT397,1,TBA,0/30,T 01:30 PM - 03:30 PM
MAT397,1,TBA,0/30,TR 10:10 AM - 11:40 AM
MAT7101,7,TBA,0/40,R 04:50 PM - 06:20 PM
MAT7101,7,TBA,0/40,T 04:50 PM - 06:20 PM
MAT7101,24,TBA,0/40,MW 11:50 AM - 01:20 PM
MAT7101,25,TBA,0/40,S 08:30 AM - 10:00 AM
MAT7101,25,TBA,0/40,R 08:30 AM - 10:00 AM
MAT7101,26,TBA,0/40,MW 08:30 AM - 10:00 AM
MAT7101,27,TBA,0/40,TR 08:30 AM - 10:00 AM
MAT7101,28,TBA,0/40,TR 11:50 AM - 01:20 PM
MAT7102,24,TBA,0/40,SR 08:30 AM - 10:00 AM
MAT7102,25,TBA,0/40,SR 11:50 AM - 01:20 PM
MAT7102,26,TBA,0/40,MW 01:30 PM - 03:00 PM
MAT7108,1,SUMAIYA,0/40,MW 03:10 PM - 04:40 PM
MAT7108,2,SUMAIYA,0/40,ST 10:10 AM - 11:40 AM
MATH111,1,APURBO,0/40,SR 11:50 AM - 01:20 PM
MATH112,1,SUMAIYA,0/40,MW 04:50 PM - 06:20 PM
MATH114,1,AP,0/40,MW 01:30 PM - 03:00 PM
MATH115,1,TD,0/40,MW 04:50 PM - 06:20 PM
MATH116,1,TD,0/40,T 11:50 AM - 01:20 PM
MATH116,1,TD,0/40,R 11:50 AM - 01:20 PM
MATH212,1,AKMN,0/30,ST 08:30 AM - 10:00 AM
MATH212,1,AKMN,0/30,R 08:00 AM - 10:00 AM
MATH214,1,SIS,0/40,MW 10:10 AM - 11:40 AM
MATH314,1,BITU,0/40,TR 08:30 AM - 10:00 AM
MATH315,1,DFK,0/40,ST 10:10 AM - 11:40 AM
MATH411,1,AP,0/30,ST 01:30 PM - 03:00 PM
MATH411,1,APURBO,0/30,R 08:00 AM - 10:00 AM
MATH412,1,AKMN,0/40,TR 11:50 AM - 01:20 PM
MATH415,1,DFK,0/40,MW 10:10 AM - 11:40 AM
MATH416,1,TBA,0/40,TR 01:30 PM - 03:00 PM
MATH432,1,SIS,0/40,ST 11:50 AM - 01:20 PM
MATH478,1,MAIS,0/40,MW 01:30 PM - 03:00 PM
PHY100,1,AROY,0/40,MW 01:30 PM - 03:00 PM
PHY100,2,AF,0/40,ST 03:10 PM - 04:40 PM
PHY107,1,NAHMED,0/30,S 10:10 AM - 11:40 AM
PHY107,1,NAHMED,0/30,R 10:10 AM - 11:40 AM
PHY107,1,NAHMED,0/30,T 08:00 AM - 10:00 AM
PHY107,2,DSAE,0/30,W 10:10 AM - 12:10 PM
PHY107,2,DSAE,0/30,ST 08:30 AM - 10:00 AM
PHY108,1,NFJ,0/30,T 11:50 AM - 01:20 PM
PHY108,1,NFJ,0/30,R 11:50 AM - 01:20 PM
PHY108,1,NFJ,0/30,R 01:30 PM - 03:30 PM
PHY108,2,NFJ,0/30,S 08:00 AM - 10:00 AM
PHY108,2,NFJ,0/30,MW 08:30 AM - 10:00 AM
PHY109,1,MONGUR,0/30,R 08:00 AM - 10:00 AM
PHY109,1,GDM,0/30,ST 10:10 AM - 11:40 AM
PHY109,2,GDM,0/30,MW 11:50 AM - 01:20 PM
PHY109,2,MMHQ,0/30,S 01:30 PM - 03:30 PM
PHY109,3,GDM,0/30,ST 01:30 PM - 03:00 PM
PHY109,3,MONGUR,0/30,R 10:10 AM - 12:10 PM
PHY109,4,DSAE,0/30,T 01:30 PM - 03:00 PM
PHY109,4,DSAE,0/30,R 01:30 PM - 03:00 PM
PHY109,4,DSAE,0/30,M 10:10 AM - 12:10 PM
PHY109,5,MONGUR,0/30,M 01:30 PM - 03:30 PM
PHY109,5,MONGUR,0/30,ST 11:50 AM - 01:20 PM
PHY109,6,MONGUR,0/30,MW 08:30 AM - 10:00 AM
PHY109,6,MONGUR,0/30,T 01:30 PM - 03:30 PM
PHY109,7,MMHQ,0/30,W 01:30 PM - 03:30 PM
PHY109,7,MMHQ,0/30,ST 11:50 AM - 01:20 PM
PHY109,8,DMSS,0/30,MW 10:10 AM - 11:40 AM
PHY109,8,DMSS,0/30,T 01:30 PM - 03:30 PM
PHY109,9,NFJ,0/30,T 01:30 PM - 03:00 PM
PHY109,9,NFJ,0/30,M 10:10 AM - 12:10 PM
PHY109,9,NFJ,0/30,S 01:30 PM - 03:00 PM
PHY109,10,AROY,0/30,MW 08:30 AM - 10:00 AM
PHY109,10,AROY,0/30,S 08:00 AM - 10:00 AM
PHY109,11,AROY,0/30,S 10:10 AM - 12:10 PM
PHY109,11,AROY,0/30,TR 04:50 PM - 06:20 PM
PHY109,12,AF,0/30,R 04:50 PM - 06:50 PM
PHY109,12,AF,0/30,SR 01:30 PM - 03:00 PM
PHY109,13,AF,0/30,T 08:00 AM - 10:00 AM
PHY109,13,AF,0/30,MW 04:50 PM - 06:20 PM
PHY109,14,NAHMED,0/30,MW 04:50 PM - 06:20 PM
PHY109,14,NAHMED,0/30,W 10:10 AM - 12:10 PM
PHY109,15,NAHMED,0/30,R 08:00 AM - 10:00 AM
PHY109,15,NAHMED,0/30,MW 01:30 PM - 03:00 PM
PHY109,16,TBA,0/30,ST 01:30 PM - 03:00 PM
PHY109,16,DMSS,0/30,M 01:30 PM - 03:30 PM
PHY109,17,TBA,0/30,M 04:50 PM - 06:50 PM
PHY109,17,TBA,0/30,ST 04:50 PM - 06:20 PM
PHY109,18,TBA,0/30,MW 01:30 PM - 03:00 PM
PHY109,18,TBA,0/30,M 08:00 AM - 10:00 AM
PHY109,19,TBA,0/30,MW 04:50 PM - 06:20 PM
PHY109,19,TBA,0/30,W 08:00 AM - 10:00 AM
PHY109,20,TBA,0/30,R 01:30 PM - 03:30 PM
PHY109,20,TBA,0/30,MW 08:30 AM - 10:00 AM
PHY109,21,TBA,0/30,MW 10:10 AM - 11:40 AM
PHY109,21,TBA,0/30,R 04:50 PM - 06:50 PM
PHY208,1,TBA,0/30,W 08:00 AM - 10:00 AM
PHY208,1,TBA,0/30,MW 01:30 PM - 03:00 PM
PHY208,2,TBA,0/30,TR 08:30 AM - 10:00 AM
PHY208,2,TBA,0/30,R 10:10 AM - 12:10 PM
PHY209,1,DSAE,0/40,MW 01:30 PM - 03:00 PM
PHY209,2,MONGUR,0/40,ST 08:30 AM - 10:00 AM
PHY209,3,MMHQ,0/40,MW 08:30 AM - 10:00 AM
PHY209,4,MMHQ,0/40,TR 03:10 PM - 04:40 PM
PHY209,5,DMSS,0/40,ST 10:10 AM - 11:40 AM
PHY209,6,DMSS,0/40,SR 03:10 PM - 04:40 PM
PHY209,7,TBA,0/40,ST 01:30 PM - 03:00 PM
PHY209,8,TBA,0/40,ST 04:50 PM - 06:20 PM
PHY209,9,TBA,0/40,ST 01:30 PM - 03:00 PM
PHY209,10,TBA,0/40,ST 04:50 PM - 06:20 PM
PHY209,11,TBA,0/40,MW 11:50 AM - 01:20 PM
PHY209,12,TBA,0/40,MW 03:10 PM - 04:40 PM
PHY209,13,TBA,0/40,TR 01:30 PM - 03:00 PM
PHY209,14,TBA,0/40,TR 04:50 PM - 06:20 PM
PHY209,15,TBA,0/40,TR 04:50 PM - 06:20 PM
PHY7107,1,NAHMED,0/5,S 10:10 AM - 11:40 AM
PHY7107,1,NAHMED,0/5,R 10:10 AM - 11:40 AM
PHY7107,1,NAHMED,0/5,T 08:00 AM - 10:00 AM
PHY7107,2,DSAE,0/5,ST 08:30 AM - 10:00 AM
PHY7107,2,DSAE,0/5,W 10:10 AM - 12:10 PM
STA102,1,AAS,0/40,MW 08:30 AM - 10:00 AM
STA102,2,AAS,0/40,MW 01:30 PM - 03:00 PM
STA102,3,SAJ,0/40,ST 08:30 AM - 10:00 AM
STA102,4,SHH,0/40,S 10:10 AM - 11:40 AM
STA102,4,SHH,0/40,R 10:10 AM - 11:40 AM
STA102,5,SHH,0/40,MW 11:50 AM - 01:20 PM
STA102,6,FMAR,0/40,MW 08:30 AM - 10:00 AM
STA102,7,MAIS,0/40,SR 08:30 AM - 10:00 AM
STA102,8,TBA,0/40,R 10:10 AM - 11:40 AM
STA102,8,TBA,0/40,S 10:10 AM - 11:40 AM
STA102,9,TBA,0/40,MW 04:50 PM - 06:20 PM
STA102,10,TBA,0/40,MW 08:30 AM - 10:00 AM
STA102,11,TBA,0/40,MW 11:50 AM - 01:20 PM
STA102,12,TBA,0/40,ST 03:10 PM - 04:40 PM
STA102,13,TBA,0/40,ST 01:30 PM - 03:00 PM
STA102,14,TBA,0/40,ST 04:50 PM - 06:20 PM
STA102,15,TBA,0/40,ST 11:50 AM - 01:20 PM
STA102,16,TBA,0/40,MW 10:10 AM - 11:40 AM
STA102,17,TBA,0/40,MW 01:30 PM - 03:00 PM
STA191,1,MRA,0/40,ST 08:30 AM - 10:00 AM
STA191,2,MRA,0/40,MW 08:30 AM - 10:00 AM
STA191,3,DSR,0/40,SR 11:50 AM - 01:20 PM
STA208,1,AAS,0/40,MW 10:10 AM - 11:40 AM
STA208,2,SHH,0/40,MW 08:30 AM - 10:00 AM
STA208,3,SAJ,0/40,MW 11:50 AM - 01:20 PM
STA293,1,SHH,0/40,S 08:30 AM - 10:00 AM
STA293,1,SHH,0/40,R 08:30 AM - 10:00 AM
STA293,2,SAJ,0/40,SR 11:50 AM - 01:20 PM
STA395,1,MRA,0/40,MW 11:50 AM - 01:20 PM
STA395,2,AAS,0/40,ST 10:10 AM - 11:40 AM
STA395,3,AAS,0/0,S 01:30 PM - 03:00 PM
STA395,3,AAS,0/0,R 01:30 PM - 03:00 PM
STA7102,1,TBA,0/40,T 04:50 PM - 06:50 PM
STA7102,1,TBA,0/40,R 04:50 PM - 06:50 PM
STA7102,2,TBA,0/40,ST 11:50 AM - 01:20 PM
ENG099,1,ANISA,0/30,T 11:50 AM - 01:20 PM
ENG099,1,ANISA,0/30,R 11:50 AM - 01:20 PM
ENG099,2,JTR,0/30,MW 04:50 PM - 06:20 PM
ENG099,3,PDS,0/30,ST 03:10 PM - 04:40 PM
ENG099,4,HP,0/30,MW 08:30 AM - 10:00 AM
ENG099,5,SHAMMA,0/30,MW 04:50 PM - 06:20 PM
ENG099,6,TBA,0/0,S 01:30 PM - 03:00 PM
ENG099,6,TBA,0/0,R 01:30 PM - 03:00 PM
ENG209,1,SHKA,0/5,SR 03:10 PM - 04:40 PM
ENG209,2,NHAM,0/5,ST 08:30 AM - 10:00 AM
ENG209,3,NHAM,0/5,S 11:50 AM - 01:20 PM
ENG209,3,NHAM,0/5,T 11:50 AM - 01:20 PM
ENG235,1,SOLIKA,0/40,SR 03:10 PM - 04:40 PM
ENG235,2,IJDT,0/20,T 08:30 AM - 10:00 AM
ENG235,2,IJDT,0/20,R 08:30 AM - 10:00 AM
ENG301,2,MARIA,0/40,TR 11:50 AM - 01:20 PM
ENG301,3,ARSHAD,0/40,SR 04:50 PM - 06:20 PM
ENG303,1,SFHQ,0/20,MW 11:50 AM - 01:20 PM
ENG303,2,TSK,0/20,MW 11:50 AM - 01:20 PM
ENG306,1,SMAS,0/40,R 03:10 PM - 04:40 PM
ENG306,1,SMAS,0/40,T 03:10 PM - 04:40 PM
ENG306,2,NSNI,0/40,S 10:10 AM - 11:40 AM
ENG306,2,NSNI,0/40,T 10:10 AM - 11:40 AM
ENG315,1,DFA,0/10,TR 03:10 PM - 04:40 PM
ENG315,2,SMR,0/10,MW 03:10 PM - 04:40 PM
ENG315,3,SDA,0/10,MW 08:30 AM - 10:00 AM
ENG403,1,SNH,0/40,MW 10:10 AM - 11:40 AM
ENG403,2,HAZ,0/40,S 01:30 PM - 03:00 PM
ENG403,2,HAZ,0/40,R 01:30 PM - 03:00 PM
ENG438,1,AFA,0/40,MW 10:10 AM - 11:40 AM
ENG438,2,ARI,0/40,TR 03:10 PM - 04:40 PM
ENG451,1,ARA,0/40,R 08:30 AM - 10:00 AM
ENG451,1,ARA,0/40,T 08:30 AM - 10:00 AM
ENG7100,1,DSH,0/30,ST 01:30 PM - 03:00 PM
ENG7100,2,FA,0/30,MW 03:10 PM - 04:40 PM
ENG7100,3,DMQ,0/30,ST 11:50 AM - 01:20 PM
ENG7100,4,AJ,0/30,MW 11:50 AM - 01:20 PM
ENG7100,5,DASA,0/30,MW 11:50 AM - 01:20 PM
ENG7100,6,ZOA,0/30,TR 03:10 PM - 04:40 PM
ENG7100,7,MIJ,0/30,MW 01:30 PM - 03:00 PM
ENG7100,8,AFA,0/30,T 08:30 AM - 10:00 AM
ENG7100,8,AFA,0/30,R 08:30 AM - 10:00 AM
ENG7100,9,ARI,0/30,S 01:30 PM - 03:00 PM
ENG7100,9,ARI,0/30,T 01:30 PM - 03:00 PM
ENG7100,10,TR,0/30,S 04:50 PM - 06:20 PM
ENG7100,10,TR,0/30,T 04:50 PM - 06:20 PM
ENG7100,11,MRJK,0/30,T 08:30 AM - 10:00 AM
ENG7100,11,MRJK,0/30,S 08:30 AM - 10:00 AM
ENG7100,12,SMAS,0/30,MW 08:30 AM - 10:00 AM
ENG7100,13,SFHQ,0/30,MW 08:30 AM - 10:00 AM
ENG7100,14,SMR,0/30,MW 01:30 PM - 03:00 PM
ENG7100,15,NSNI,0/30,S 08:30 AM - 10:00 AM
ENG7100,15,NSNI,0/30,T 08:30 AM - 10:00 AM
ENG7100,16,KNF,0/30,R 08:30 AM - 10:00 AM
ENG7100,16,KNF,0/30,S 08:30 AM - 10:00 AM
ENG7100,17,KNF,0/30,T 11:50 AM - 01:20 PM
ENG7100,17,KNF,0/30,R 11:50 AM - 01:20 PM
ENG7100,18,SHKA,0/30,T 10:10 AM - 11:40 AM
ENG7100,18,SHKA,0/30,R 10:10 AM - 11:40 AM
ENG7100,19,TSK,0/30,SR 11:50 AM - 01:20 PM
ENG7100,20,SSNM,0/30,T 01:30 PM - 03:00 PM
ENG7100,20,SSNM,0/30,R 01:30 PM - 03:00 PM
ENG7100,21,KK,0/30,S 03:10 PM - 04:40 PM
ENG7100,21,KK,0/30,R 03:10 PM - 04:40 PM
ENG7100,22,SDA,0/30,R 10:10 AM - 11:40 AM
ENG7100,22,SDA,0/30,T 10:10 AM - 11:40 AM
ENG7100,23,SHZ,0/30,R 10:10 AM - 11:40 AM
ENG7100,23,SHZ,0/30,S 10:10 AM - 11:40 AM
ENG7100,24,ARA,0/30,MW 08:30 AM - 10:00 AM
ENG7100,25,RZO,0/30,M 10:10 AM - 11:40 AM
ENG7100,25,RZO,0/30,W 10:10 AM - 11:40 AM
ENG7100,26,NPS,0/30,ST 08:30 AM - 10:00 AM
ENG7100,27,IJDT,0/30,S 01:30 PM - 03:00 PM
ENG7100,27,IJDT,0/30,R 01:30 PM - 03:00 PM
ENG7100,28,SOLIKA,0/30,R 11:50 AM - 01:20 PM
ENG7100,28,SOLIKA,0/30,T 11:50 AM - 01:20 PM
ENG7100,29,MARIA,0/30,SR 08:30 AM - 10:00 AM
ENG7101,1,SHKA,0/40,MW 10:10 AM - 11:40 AM
ENG7101,2,ANISA,0/40,ST 08:30 AM - 10:00 AM
ENG7101,3,KTK,0/40,MW 08:30 AM - 10:00 AM
ENG7101,4,MARIA,0/40,MW 08:30 AM - 10:00 AM
ENG7101,5,AUHS,0/40,TR 04:50 PM - 06:20 PM
ENG7101,6,TBA,0/40,MW 04:50 PM - 06:20 PM
ENG7101,8,AUHS,0/40,MW 04:50 PM - 06:20 PM
ENG7101,9,AUHS,0/40,MW 03:10 PM - 04:40 PM
ENG7101,10,CMR,0/40,ST 01:30 PM - 03:00 PM
ENG7101,11,FAIZA,0/40,MW 08:30 AM - 10:00 AM
ENG7101,12,TBA,0/0,ST 03:10 PM - 04:40 PM
ENG7101,13,KTJS,0/40,ST 01:30 PM - 03:00 PM
ENG7101,14,MZRM,0/40,MW 11:50 AM - 01:20 PM
ENG7101,15,PDS,0/40,MW 04:50 PM - 06:20 PM
ENG7101,16,PDS,0/40,TR 11:50 AM - 01:20 PM
ENG7101,17,RAYSA,0/40,MW 08:30 AM - 10:00 AM
ENG7101,18,ARSHAD,0/40,MW 04:50 PM - 06:20 PM
ENG7101,19,QFY,0/40,SR 01:30 PM - 03:00 PM
ENG7101,20,BITHY,0/40,ST 08:30 AM - 10:00 AM
ENG7101,21,QFY,0/40,SR 03:10 PM - 04:40 PM
ENG7101,22,PARVEZ,0/40,ST 03:10 PM - 04:40 PM
ENG7101,23,MSAZ,0/40,TR 10:10 AM - 11:40 AM
ENG7101,24,WAHID,0/40,ST 11:50 AM - 01:20 PM
ENG7101,25,WAHID,0/40,ST 10:10 AM - 11:40 AM
ENG7101,26,RIYA,0/40,MW 08:30 AM - 10:00 AM
ENG7101,27,TBA,0/40,ST 04:50 PM - 06:20 PM
ENG7101,28,FAIZA,0/40,MW 10:10 AM - 11:40 AM
ENG7101,29,CMR,0/40,ST 11:50 AM - 01:20 PM
ENG7101,30,MJAN,0/40,ST 11:50 AM - 01:20 PM
ENG7101,31,RDNA,0/40,MW 08:30 AM - 10:00 AM
ENG7101,32,TMKN,0/40,ST 10:10 AM - 11:40 AM
ENG7101,33,TBA,0/40,S 04:50 PM - 06:20 PM
ENG7101,33,TBA,0/40,R 04:50 PM - 06:20 PM
ENG7101,34,SOLIKA,0/0,MW 01:30 PM - 03:00 PM
ENG7101,35,TR,0/0,MW 04:50 PM - 06:20 PM
ENG7102,1,FSPI,0/30,ST 11:50 AM - 01:20 PM
ENG7102,2,FHI,0/30,MW 08:30 AM - 10:00 AM
ENG7102,3,DZ,0/30,MW 01:30 PM - 03:00 PM
ENG7102,4,TNVA,0/30,MW 04:50 PM - 06:20 PM
ENG7102,5,RAYSA,0/30,ST 08:30 AM - 10:00 AM
ENG7102,6,ANISA,0/30,MW 03:10 PM - 04:40 PM
ENG7102,7,YAF,0/30,ST 10:10 AM - 11:40 AM
ENG7102,8,BITHY,0/30,MW 08:30 AM - 10:00 AM
ENG7102,10,SMH,0/30,SR 10:10 AM - 11:40 AM
ENG7102,11,KTK,0/30,T 11:50 AM - 01:20 PM
ENG7102,11,KTK,0/30,R 11:50 AM - 01:20 PM
ENG7102,12,MEEM,0/30,ST 03:10 PM - 04:40 PM
ENG7102,13,NPS,0/30,S 01:30 PM - 03:00 PM
ENG7102,13,NPS,0/30,R 01:30 PM - 03:00 PM
ENG7102,14,TNVA,0/30,MW 03:10 PM - 04:40 PM
ENG7102,15,KTJS,0/30,ST 03:10 PM - 04:40 PM
ENG7102,16,TBA,0/0,TR 08:30 AM - 10:00 AM
ENG7102,17,MJAN,0/30,ST 10:10 AM - 11:40 AM
ENG7102,18,MZRM,0/30,MW 01:30 PM - 03:00 PM
ENG7102,19,JTR,0/30,SR 03:10 PM - 04:40 PM
ENG7102,20,HP,0/30,T 03:10 PM - 04:40 PM
ENG7102,20,HP,0/30,S 03:10 PM - 04:40 PM
ENG7102,21,SSNM,0/30,R 10:10 AM - 11:40 AM
ENG7102,21,SSNM,0/30,S 10:10 AM - 11:40 AM
ENG7102,22,SAMINA,0/30,MW 04:50 PM - 06:20 PM
ENG7102,23,SSNM,0/30,MW 10:10 AM - 11:40 AM
ENG7102,24,NPS,0/30,MW 08:30 AM - 10:00 AM
ENG7102,25,TBA,0/0,S 11:50 AM - 01:20 PM
ENG7102,25,TBA,0/0,R 11:50 AM - 01:20 PM
ENG7102,26,SDA,0/30,R 11:50 AM - 01:20 PM
ENG7102,26,SDA,0/30,S 11:50 AM - 01:20 PM
ENG7102,27,MTUR,0/30,R 04:50 PM - 06:20 PM
ENG7102,27,MTUR,0/30,T 04:50 PM - 06:20 PM
ENG7102,28,SYEDA,0/30,ST 11:50 AM - 01:20 PM
ENG7102,29,PDS,0/30,ST 04:50 PM - 06:20 PM
ENG7102,30,ADNAN,0/30,MW 10:10 AM - 11:40 AM
ENG7102,31,ADNAN,0/30,MW 08:30 AM - 10:00 AM
ENG7102,32,ZK,0/30,MW 08:30 AM - 10:00 AM
ENG7102,33,SPBS,0/30,MW 11:50 AM - 01:20 PM
ENG7102,34,ZK,0/30,MW 10:10 AM - 11:40 AM
ENG7102,35,PARVEZ,0/30,S 04:50 PM - 06:20 PM
ENG7102,35,PARVEZ,0/30,T 04:50 PM - 06:20 PM
ENG7102,36,NMK,0/30,MW 03:10 PM - 04:40 PM
ENG7102,37,YAF,0/30,ST 11:50 AM - 01:20 PM
ENG7102,38,RIYA,0/30,MW 10:10 AM - 11:40 AM
ENG7102,39,NMK,0/30,MW 04:50 PM - 06:20 PM
ENG7102,40,SYEDA,0/30,ST 01:30 PM - 03:00 PM
ENG7102,41,TMKN,0/30,ST 08:30 AM - 10:00 AM
ENG7102,42,FHI,0/30,MW 10:10 AM - 11:40 AM
ENG7102,43,MEEM,0/30,ST 04:50 PM - 06:20 PM
ENG7102,45,PL,0/30,TR 11:50 AM - 01:20 PM
ENG7102,46,PL,0/30,TR 03:10 PM - 04:40 PM
ENG7102,47,JF,0/30,MW 04:50 PM - 06:20 PM
ENG7102,48,JF,0/30,ST 04:50 PM - 06:20 PM
ENG7102,49,ZORORUL,0/30,ST 01:30 PM - 03:00 PM
ENG7102,50,ZORORUL,0/30,ST 03:10 PM - 04:40 PM
ENG7102,51,RDNA,0/30,MW 10:10 AM - 11:40 AM
ENG7102,52,SPBS,0/30,MW 01:30 PM - 03:00 PM
ENG7102,53,MSAZ,0/30,R 11:50 AM - 01:20 PM
ENG7102,53,MSAZ,0/30,T 11:50 AM - 01:20 PM
ENG7102,54,SAMINA,0/30,MW 03:10 PM - 04:40 PM
ENG7145,1,ZOA,0/0,MW 01:30 PM - 03:00 PM
ENG7145,2,TR,0/40,ST 03:10 PM - 04:40 PM
ENG7145,3,MRJK,0/40,MW 10:10 AM - 11:40 AM
ENG7154,1,KNF,0/40,T 10:10 AM - 11:40 AM
ENG7154,1,KNF,0/40,R 10:10 AM - 11:40 AM
ENG7154,2,SSNM,0/40,TR 08:30 AM - 10:00 AM
ENG7154,3,MRJK,0/40,S 11:50 AM - 01:20 PM
ENG7154,3,MRJK,0/40,R 11:50 AM - 01:20 PM
ENG7160,1,BITHY,0/40,R 11:50 AM - 01:20 PM
ENG7160,1,BITHY,0/40,S 11:50 AM - 01:20 PM
ENG7160,2,SMH,0/40,MW 08:30 AM - 10:00 AM
ENG7160,3,JTR,0/40,TR 11:50 AM - 01:20 PM
ENG7170,1,SHKA,0/40,SR 03:10 PM - 04:40 PM
ENG7170,2,NHAM,0/40,ST 08:30 AM - 10:00 AM
ENG7170,3,NHAM,0/40,S 11:50 AM - 01:20 PM
ENG7170,3,NHAM,0/40,T 11:50 AM - 01:20 PM
ENG7191,1,RZO,0/40,TR 08:30 AM - 10:00 AM
ENG7191,2,RZO,0/40,R 11:50 AM - 01:20 PM
ENG7191,2,RZO,0/40,S 11:50 AM - 01:20 PM
ENG7191,3,SHAMMA,0/40,TR 08:30 AM - 10:00 AM
ENG7192,1,ARSHAD,0/40,T 11:50 AM - 01:20 PM
ENG7192,1,ARSHAD,0/40,R 11:50 AM - 01:20 PM
ENG7192,2,SHAMMA,0/40,ST 03:10 PM - 04:40 PM
ENG7205,1,SHKA,0/40,SR 08:30 AM - 10:00 AM
ENG7205,2,HP,0/40,SR 04:50 PM - 06:20 PM
ENG7207,1,NPS,0/40,TR 04:50 PM - 06:20 PM
ENG7207,2,TSK,0/40,TR 10:10 AM - 11:40 AM
ENG7208,2,MFR,0/40,T 03:10 PM - 04:40 PM
ENG7208,2,MFR,0/40,R 03:10 PM - 04:40 PM
ENG7208,3,NSNI,0/40,MW 08:30 AM - 10:00 AM
ENG7210,1,DSH,0/40,ST 11:50 AM - 01:20 PM
ENG7210,2,IJDT,0/40,M 08:30 AM - 10:00 AM
ENG7210,2,IJDT,0/40,W 08:30 AM - 10:00 AM
ENG7211,1,AFA,0/5,TR 10:10 AM - 11:40 AM
ENG7211,2,MARIA,0/5,ST 03:10 PM - 04:40 PM
ENG7216,1,DFA,0/30,TR 03:10 PM - 04:40 PM
ENG7216,2,SMR,0/30,MW 03:10 PM - 04:40 PM
ENG7216,3,SDA,0/30,MW 08:30 AM - 10:00 AM
ENG7222,1,DBC,0/40,TR 08:30 AM - 10:00 AM
ENG7222,2,DBC,0/40,T 11:50 AM - 01:20 PM
ENG7222,2,DBC,0/40,R 11:50 AM - 01:20 PM
ENG7230,1,SDA,0/40,ST 08:30 AM - 10:00 AM
ENG7230,2,SHZ,0/40,TR 03:10 PM - 04:40 PM
ENG7230,3,KTK,0/40,T 01:30 PM - 03:00 PM
ENG7230,3,KTK,0/40,R 01:30 PM - 03:00 PM
ENG7245,1,TBA,0/5,MW 01:30 PM - 03:00 PM
ENG7245,2,AUHS,0/5,ST 03:10 PM - 04:40 PM
ENG7245,3,ANISA,0/5,SR 10:10 AM - 11:40 AM
ENG7255,1,TR,0/40,MW 03:10 PM - 04:40 PM
ENG7255,2,SMH,0/40,SR 03:10 PM - 04:40 PM
ENG7299,1,SHZ,0/40,MW 11:50 AM - 01:20 PM
ENG7299,2,MARIA,0/5,TR 11:50 AM - 01:20 PM
ENG7299,3,ARSHAD,0/5,SR 04:50 PM - 06:20 PM
ENG7300,1,SMAS,0/5,R 03:10 PM - 04:40 PM
ENG7300,1,SMAS,0/5,T 03:10 PM - 04:40 PM
ENG7300,2,NSNI,0/5,S 10:10 AM - 11:40 AM
ENG7300,2,NSNI,0/5,T 10:10 AM - 11:40 AM
ENG7310,1,KTK,0/40,ST 04:50 PM - 06:20 PM
ENG7310,2,SMR,0/40,SR 01:30 PM - 03:00 PM
ENG7310,3,SHZ,0/40,MW 01:30 PM - 03:00 PM
ENG7311,1,SFHQ,0/20,MW 11:50 AM - 01:20 PM
ENG7311,2,TSK,0/20,MW 11:50 AM - 01:20 PM
ENG7313,1,SOLIKA,0/40,SR 08:30 AM - 10:00 AM
ENG7313,2,RAYSA,0/40,S 11:50 AM - 01:20 PM
ENG7313,2,RAYSA,0/40,R 11:50 AM - 01:20 PM
ENG7316,1,MTUR,0/40,TR 03:10 PM - 04:40 PM
ENG7319,1,TBA,0/40,S 04:50 PM - 06:20 PM
ENG7319,1,TBA,0/40,R 04:50 PM - 06:20 PM
ENG7320,1,SMR,0/40,R 03:10 PM - 04:40 PM
ENG7320,1,SMR,0/40,T 03:10 PM - 04:40 PM
ENG7321,1,FSPI,0/40,MW 11:50 AM - 01:20 PM
ENG7321,2,RAYSA,0/40,TR 10:10 AM - 11:40 AM
ENG7321,3,JTR,0/40,ST 04:50 PM - 06:20 PM
ENG7333,1,SOLIKA,0/40,SR 03:10 PM - 04:40 PM
ENG7333,2,IJDT,0/20,T 08:30 AM - 10:00 AM
ENG7333,2,IJDT,0/20,R 08:30 AM - 10:00 AM
ENG7338,1,AFA,0/5,MW 10:10 AM - 11:40 AM
ENG7338,2,ARI,0/5,TR 03:10 PM - 04:40 PM
ENG7356,1,MIJ,0/40,MW 11:50 AM - 01:20 PM
ENG7399,1,FA,0/40,TR 11:50 AM - 01:20 PM
ENG7399,2,SMAS,0/40,ST 08:30 AM - 10:00 AM
ENG7404,1,SNH,0/5,MW 10:10 AM - 11:40 AM
ENG7404,2,HAZ,0/5,S 01:30 PM - 03:00 PM
ENG7404,2,HAZ,0/5,R 01:30 PM - 03:00 PM
ENG7410,1,DASA,0/5,MW 10:10 AM - 11:40 AM
ENG7411,1,DMQ,0/40,ST 10:10 AM - 11:40 AM
ENG7411,2,MFR,0/40,T 01:30 PM - 03:00 PM
ENG7411,2,MFR,0/40,R 01:30 PM - 03:00 PM
ENG7412,1,AJ,0/40,MW 01:30 PM - 03:00 PM
ENG7412,2,ROUF,0/40,ST 03:10 PM - 04:40 PM
ENG7413,1,ZOA,0/40,TR 01:30 PM - 03:00 PM
ENG7413,2,SFHQ,0/40,ST 08:30 AM - 10:00 AM
ENG7419,1,ARA,0/40,T 10:10 AM - 11:40 AM
ENG7419,1,ARA,0/40,R 10:10 AM - 11:40 AM
ENG7422,1,DZ,0/40,MW 03:10 PM - 04:40 PM
ENG7426,1,DFA,0/5,TR 11:50 AM - 01:20 PM
ENG7426,2,SNH,0/5,R 11:50 AM - 01:20 PM
ENG7426,2,SNH,0/5,T 11:50 AM - 01:20 PM
ENG7433,1,MIJ,0/40,ST 11:50 AM - 01:20 PM
ENG7457,1,ARI,0/40,MW 01:30 PM - 03:00 PM
ENG7467,1,KK,0/40,T 01:30 PM - 03:00 PM
ENG7467,1,KK,0/40,R 01:30 PM - 03:00 PM
ENG950,11,FA,0/40,W 05:30 PM - 08:30 PM
ENG950,61,SNH,0/40,A 05:30 PM - 08:30 PM
ENG950,81,DASA,0/40,S 05:30 PM - 08:30 PM
ENG951,51,KK,0/20,T 05:30 PM - 08:30 PM
ENG951,81,MIJ,0/40,F 09:30 AM - 12:30 PM
JPN7101,1,TBA,0/40,ST 10:10 AM - 11:40 AM
ECO502,1,DHN,0/40,A 03:00 PM - 06:00 PM
ECO532,1,DHN,0/40,F 10:00 AM - 01:00 PM
ECO550,1,IH,0/40,M 06:30 PM - 09:30 PM
ECO584,1,DEH,0/5,F 10:00 AM - 01:00 PM
ECO625,1,DEH,0/5,F 02:30 PM - 05:30 PM
ECO7101,1,MC,0/40,ST 11:50 AM - 01:20 PM
ECO7101,2,AKH,0/40,MW 03:10 PM - 04:40 PM
ECO7101,3,AKH,0/40,T 08:30 AM - 10:00 AM
ECO7101,3,AKH,0/40,R 08:30 AM - 10:00 AM
ECO7101,4,AMRH,0/40,ST 01:30 PM - 03:00 PM
ECO7101,5,UM,0/40,S 10:10 AM - 11:40 AM
ECO7101,5,UM,0/40,T 10:10 AM - 11:40 AM
ECO7101,6,MAAM,0/40,MW 10:10 AM - 11:40 AM
ECO7101,7,MASM,0/40,R 04:50 PM - 06:20 PM
ECO7101,7,MASM,0/40,S 04:50 PM - 06:20 PM
ECO7101,8,MAAM,0/40,MW 03:10 PM - 04:40 PM
ECO7101,9,TMNA,0/40,MW 03:10 PM - 04:40 PM
ECO7101,10,SADIA,0/40,S 08:30 AM - 10:00 AM
ECO7101,10,SADIA,0/40,T 08:30 AM - 10:00 AM
ECO7101,11,SADMAN,0/40,MW 11:50 AM - 01:20 PM
ECO7101,12,SANJANA,0/40,MW 03:10 PM - 04:40 PM
ECO7101,13,SANJANA,0/40,R 08:30 AM - 10:00 AM
ECO7101,13,SANJANA,0/40,T 08:30 AM - 10:00 AM
ECO7101,14,STO,0/40,S 08:30 AM - 10:00 AM
ECO7101,14,STO,0/40,T 08:30 AM - 10:00 AM
ECO7101,15,NTM,0/40,SR 08:30 AM - 10:00 AM
ECO7101,16,STO,0/40,TR 03:10 PM - 04:40 PM
ECO7101,17,PPC,0/40,ST 03:10 PM - 04:40 PM
ECO7101,18,CYNTHIA,0/40,T 01:30 PM - 03:00 PM
ECO7101,18,CYNTHIA,0/40,R 01:30 PM - 03:00 PM
ECO7101,19,CYNTHIA,0/40,S 04:50 PM - 06:20 PM
ECO7101,19,CYNTHIA,0/40,T 04:50 PM - 06:20 PM
ECO7101,20,MAHRAB,0/40,SR 11:50 AM - 01:20 PM
ECO7101,21,MAHRAB,0/40,SR 01:30 PM - 03:00 PM
ECO7101,22,SHARIKA,0/40,R 08:30 AM - 10:00 AM
ECO7101,22,SHARIKA,0/40,T 08:30 AM - 10:00 AM
ECO7101,23,SHARIKA,0/40,T 10:10 AM - 11:40 AM
ECO7101,23,SHARIKA,0/40,R 10:10 AM - 11:40 AM
ECO7101,24,SADIA,0/40,MW 03:10 PM - 04:40 PM
ECO7101,25,NTM,0/40,TR 03:10 PM - 04:40 PM
ECO7101,26,TBA,0/40,T 08:30 AM - 10:00 AM
ECO7101,26,TBA,0/40,R 08:30 AM - 10:00 AM
ECO7101,27,TBA,0/40,SR 03:10 PM - 04:40 PM
ECO7101,28,TBA,0/40,TR 04:50 PM - 06:20 PM
ECO7101,29,TBA,0/40,SR 03:10 PM - 04:40 PM
ECO7101,30,TAUSIF,0/40,TR 04:50 PM - 06:20 PM
ECO7101,31,TBA,0/40,SR 03:10 PM - 04:40 PM
ECO7102,1,GQH,0/40,MW 03:10 PM - 04:40 PM
ECO7102,2,MSNR,0/40,R 03:10 PM - 04:40 PM
ECO7102,2,MSNR,0/40,T 03:10 PM - 04:40 PM
ECO7102,3,IMSR,0/40,ST 01:30 PM - 03:00 PM
ECO7102,4,SADMAN,0/40,MW 03:10 PM - 04:40 PM
ECO7102,5,SADMAN,0/40,S 01:30 PM - 03:00 PM
ECO7102,5,SADMAN,0/40,R 01:30 PM - 03:00 PM
ECO7102,6,MSNR,0/40,MW 08:30 AM - 10:00 AM
ECO7102,7,ABONTI,0/40,MW 08:30 AM - 10:00 AM
ECO7102,8,ABONTI,0/40,T 01:30 PM - 03:00 PM
ECO7102,8,ABONTI,0/40,R 01:30 PM - 03:00 PM
ECO7102,9,TBA,0/40,TR 04:50 PM - 06:20 PM
ECO7102,10,TBA,0/40,MW 04:50 PM - 06:20 PM
ECO7104,1,ERP,0/40,MW 08:30 AM - 10:00 AM
ECO7104,2,STO,0/40,MW 04:50 PM - 06:20 PM
ECO7104,3,KMM,0/40,MW 08:30 AM - 10:00 AM
ECO7104,4,KMM,0/40,S 03:10 PM - 04:40 PM
ECO7104,4,KMM,0/40,T 03:10 PM - 04:40 PM
ECO7104,5,MASM,0/40,T 03:10 PM - 04:40 PM
ECO7104,5,MASM,0/40,R 03:10 PM - 04:40 PM
ECO7104,6,TMNA,0/40,MW 10:10 AM - 11:40 AM
ECO7104,7,SEH,0/40,MW 01:30 PM - 03:00 PM
ECO7104,8,SANJANA,0/40,MW 08:30 AM - 10:00 AM
ECO7104,9,TMNA,0/40,R 03:10 PM - 04:40 PM
ECO7104,9,TMNA,0/40,T 03:10 PM - 04:40 PM
ECO7104,10,PPC,0/40,R 04:50 PM - 06:20 PM
ECO7104,10,PPC,0/40,S 04:50 PM - 06:20 PM
ECO7104,11,PAG,0/40,MW 11:50 AM - 01:20 PM
ECO7107,1,SMK,0/40,MW 10:10 AM - 11:40 AM
ECO7107,2,SMK,0/40,MW 11:50 AM - 01:20 PM
ECO7200,1,SEH,0/40,S 03:10 PM - 04:40 PM
ECO7200,1,SEH,0/40,T 03:10 PM - 04:40 PM
ECO7200,2,PAG,0/40,MW 03:10 PM - 04:40 PM
ECO7204,1,ERP,0/40,MW 01:30 PM - 03:00 PM
ECO7204,2,ERP,0/40,T 04:50 PM - 06:20 PM
ECO7204,2,ERP,0/40,R 04:50 PM - 06:20 PM
ECO7204,3,SEH,0/40,MW 10:10 AM - 11:40 AM
ECO7204,4,AFD,0/40,MW 03:10 PM - 04:40 PM
ECO7204,5,PAG,0/40,T 03:10 PM - 04:40 PM
ECO7204,5,PAG,0/40,S 03:10 PM - 04:40 PM
ECO7204,6,GQH,0/40,T 08:30 AM - 10:00 AM
ECO7204,6,GQH,0/40,S 08:30 AM - 10:00 AM
ECO7204,7,SEH,0/40,T 08:30 AM - 10:00 AM
ECO7204,7,SEH,0/40,R 08:30 AM - 10:00 AM
ECO7204,8,SYJ,0/40,T 03:10 PM - 04:40 PM
ECO7204,8,SYJ,0/40,S 03:10 PM - 04:40 PM
ECO7204,9,AFD,0/40,T 01:30 PM - 03:00 PM
ECO7204,9,AFD,0/40,R 01:30 PM - 03:00 PM
ECO7204,10,PAG,0/40,T 04:50 PM - 06:20 PM
ECO7204,10,PAG,0/40,S 04:50 PM - 06:20 PM
ECO7260,1,ERP,0/40,T 01:30 PM - 03:00 PM
ECO7260,1,ERP,0/40,R 01:30 PM - 03:00 PM
ECO7301,1,IH,0/40,MW 01:30 PM - 03:00 PM
ECO7301,2,UM,0/40,S 01:30 PM - 03:00 PM
ECO7301,2,UM,0/40,R 01:30 PM - 03:00 PM
ECO7302,1,AKH,0/40,MW 11:50 AM - 01:20 PM
ECO7302,2,SYJ,0/40,ST 10:10 AM - 11:40 AM
ECO7304,1,IH,0/40,ST 01:30 PM - 03:00 PM
ECO7310,1,PKA,0/40,ST 03:10 PM - 04:40 PM
ECO7312,1,KMM,0/40,S 08:30 AM - 10:00 AM
ECO7312,1,KMM,0/40,T 08:30 AM - 10:00 AM
ECO7314,1,AKH,0/40,T 11:50 AM - 01:20 PM
ECO7314,1,AKH,0/40,S 11:50 AM - 01:20 PM
ECO7315,1,AFD,0/40,MW 11:50 AM - 01:20 PM
ECO7328,1,IMSR,0/40,ST 10:10 AM - 11:40 AM
ECO7349,1,SSM,0/40,ST 03:10 PM - 04:40 PM
ECO7353,1,PKA,0/40,MW 03:10 PM - 04:40 PM
ECO7354,1,BAM,0/40,MW 10:10 AM - 11:40 AM
ECO7360,1,PPC,0/40,MW 03:10 PM - 04:40 PM
ECO7375,1,DMMIS,0/40,MW 04:50 PM - 06:20 PM
ECO7443,1,HIA,0/40,A 09:00 AM - 12:00 PM
ECO7449,1,BKN,0/40,MW 04:50 PM - 06:20 PM
ECO7450,1,AMRH,0/40,ST 10:10 AM - 11:40 AM
ECO7453,1,MC,0/40,MW 10:10 AM - 11:40 AM
ECO7465,1,DHN,0/40,ST 04:50 PM - 06:20 PM
ECO7467,1,MC,0/40,ST 01:30 PM - 03:00 PM
ECO7467,2,MC,0/40,MW 01:30 PM - 03:00 PM
ECO7475,1,ASHIK,0/40,A 03:00 PM - 06:00 PM
ECO7477,1,BKN,0/40,MW 03:10 PM - 04:40 PM
ECO7480,1,BAM,0/40,MW 01:30 PM - 03:00 PM
ECO7484,1,DEH,0/40,F 10:00 AM - 01:00 PM
ECO7486,1,PKA,0/40,ST 01:30 PM - 03:00 PM
ECO7487,1,DEH,0/40,F 02:30 PM - 05:30 PM
ECO7490,1,BAM,0/40,ST 11:50 AM - 01:20 PM
ECO7492,1,PKA,0/40,MW 11:50 AM - 01:20 PM
EDC101,1,MASM,0/40,MW 04:50 PM - 06:20 PM
EDC101,2,SADMAN,0/40,T 04:50 PM - 06:20 PM
EDC101,2,SADMAN,0/40,R 04:50 PM - 06:20 PM
GEN7226,1,TMD,0/40,MW 11:50 AM - 01:20 PM
GEN7226,2,TMD,0/40,MW 01:30 PM - 03:00 PM
GEN7226,3,ALIM,0/40,SR 03:10 PM - 04:40 PM
GEN7226,4,TAHSAN,0/40,S 10:10 AM - 11:40 AM
GEN7226,4,TAHSAN,0/40,R 10:10 AM - 11:40 AM
GEN7226,5,MSHIKDAR,0/40,R 11:50 AM - 01:20 PM
GEN7226,5,MSHIKDAR,0/40,T 11:50 AM - 01:20 PM
GEN7226,6,TAHSAN,0/40,S 11:50 AM - 01:20 PM
GEN7226,6,TAHSAN,0/40,R 11:50 AM - 01:20 PM
GEN7226,7,DABP,0/40,ST 08:30 AM - 10:00 AM
GEN7226,8,NHAM,0/40,ST 10:10 AM - 11:40 AM
GEN7226,9,DABP,0/40,ST 10:10 AM - 11:40 AM
GEN7226,10,ALIM,0/40,SR 04:50 PM - 06:20 PM
GEN7226,11,MAAHC,0/40,R 10:10 AM - 11:40 AM
GEN7226,11,MAAHC,0/40,T 10:10 AM - 11:40 AM
GEN7226,12,MAZB,0/40,ST 08:30 AM - 10:00 AM
GEN7226,13,MAZB,0/40,ST 11:50 AM - 01:20 PM
GEN7226,14,NAB,0/40,S 03:10 PM - 04:40 PM
GEN7226,14,NAB,0/40,R 03:10 PM - 04:40 PM
GEN7226,15,MAAHC,0/40,T 11:50 AM - 01:20 PM
GEN7226,15,MAAHC,0/40,R 11:50 AM - 01:20 PM
GEN7226,16,MZHI,0/40,MW 03:10 PM - 04:40 PM
GEN7226,17,DKLE,0/40,MW 08:30 AM - 10:00 AM
GEN7226,18,DKLE,0/40,MW 10:10 AM - 11:40 AM
GEN7226,19,MSHIKDAR,0/40,R 10:10 AM - 11:40 AM
GEN7226,19,MSHIKDAR,0/40,T 10:10 AM - 11:40 AM
GEN7226,20,MZHI,0/40,MW 04:50 PM - 06:20 PM
GEN7226,21,TBA,0/40,S 04:50 PM - 06:20 PM
GEN7226,21,TBA,0/40,R 04:50 PM - 06:20 PM
GEN7226,22,TAA,0/40,ST 10:10 AM - 11:40 AM
GEN7226,23,TAA,0/40,ST 01:30 PM - 03:00 PM
GEN7226,24,NAB,0/40,MW 08:30 AM - 10:00 AM
GEN7226,25,DMEJ,0/40,MW 11:50 AM - 01:20 PM
GEN7226,26,DMEJ,0/40,MW 01:30 PM - 03:00 PM
GEN7226,27,NAB,0/40,MW 10:10 AM - 11:40 AM
GEN7226,28,TBA,0/40,S 04:50 PM - 06:20 PM
GEN7226,28,TBA,0/40,R 04:50 PM - 06:20 PM
GEN7226,29,TBA,0/40,R 03:10 PM - 04:40 PM
GEN7226,29,TBA,0/40,S 03:10 PM - 04:40 PM
GEN7226,30,TBA,0/40,S 04:50 PM - 06:20 PM
GEN7226,30,TBA,0/40,R 04:50 PM - 06:20 PM
MAT7100,1,UM,0/40,MW 10:10 AM - 11:40 AM
MAT7100,2,KMA,0/40,MW 03:10 PM - 04:40 PM
MAT7100,3,CYNTHIA,0/40,MW 03:10 PM - 04:40 PM
MAT7100,4,AFD,0/40,S 08:30 AM - 10:00 AM
MAT7100,4,AFD,0/40,T 08:30 AM - 10:00 AM
MAT7100,5,MARF,0/40,TR 10:10 AM - 11:40 AM
MAT7100,6,UM,0/40,MW 03:10 PM - 04:40 PM
MAT7100,7,PPC,0/40,MW 10:10 AM - 11:40 AM
MAT7100,8,MARF,0/40,TR 08:30 AM - 10:00 AM
MAT7100,9,KMA,0/40,MW 01:30 PM - 03:00 PM
MAT7100,10,CYNTHIA,0/40,MW 08:30 AM - 10:00 AM
MAT7100,11,TBA,30/40,T 08:30 AM - 10:00 AM
MAT7100,11,TBA,30/40,R 08:30 AM - 10:00 AM
MAT7110,1,MASM,0/40,MW 01:30 PM - 03:00 PM
MAT7110,2,MAAM,0/40,S 10:10 AM - 11:40 AM
MAT7110,2,MAAM,0/40,T 10:10 AM - 11:40 AM
MAT7110,3,STO,0/40,S 10:10 AM - 11:40 AM
MAT7110,3,STO,0/40,R 10:10 AM - 11:40 AM
MAT7110,4,MSNR,0/40,MW 03:10 PM - 04:40 PM
MAT7110,5,ABONTI,0/40,SR 11:50 AM - 01:20 PM
MAT7110,6,SYJ,0/40,MW 08:30 AM - 10:00 AM
MAT7110,7,MSNR,0/40,R 08:30 AM - 10:00 AM
MAT7110,7,MSNR,0/40,T 08:30 AM - 10:00 AM
MAT7110,8,GQH,0/40,MW 08:30 AM - 10:00 AM
MAT7110,9,ABONTI,0/40,TR 08:30 AM - 10:00 AM
MAT7110,10,NTM,0/40,MW 04:50 PM - 06:20 PM
MAT7110,11,SANJANA,0/40,T 03:10 PM - 04:40 PM
MAT7110,11,SANJANA,0/40,S 03:10 PM - 04:40 PM
MAT7110,12,SYJ,0/40,MW 03:10 PM - 04:40 PM
MAT7110,13,MAAM,0/40,T 03:10 PM - 04:40 PM
MAT7110,13,MAAM,0/40,R 03:10 PM - 04:40 PM
MAT7211,1,SSM,0/40,R 11:50 AM - 01:20 PM
MAT7211,1,SSM,0/40,T 11:50 AM - 01:20 PM
MAT7211,2,KMM,0/40,MW 01:30 PM - 03:00 PM
MAT7211,3,MOAK,0/40,TR 08:30 AM - 10:00 AM
MAT7211,4,SADIA,0/40,MW 04:50 PM - 06:20 PM
MAT7211,5,SADIA,0/40,T 01:30 PM - 03:00 PM
MAT7211,5,SADIA,0/40,R 01:30 PM - 03:00 PM
MAT7211,6,MOAK,0/40,T 10:10 AM - 11:40 AM
MAT7211,6,MOAK,0/40,R 10:10 AM - 11:40 AM
MAT7211,7,TMNA,0/40,SR 04:50 PM - 06:20 PM
MAT7211,8,BKN,0/40,SR 01:30 PM - 03:00 PM
MAT7211,9,SSM,0/40,MW 10:10 AM - 11:40 AM
MDS530,1,DZK,0/40,A 09:00 AM - 12:00 PM
MDS640,1,DZK,0/40,A 12:10 PM - 03:10 PM
MDS660,1,DIAK,0/40,F 09:00 AM - 12:00 PM
EEE101,1,DAH,0/30,TR 08:30 AM - 10:00 AM
EEE101,1,DFP,0/30,S 10:10 AM - 12:10 PM
EEE101,1,DFP,0/30,S 10:10 AM - 12:10 PM
EEE101,2,ADRN,0/30,R 01:30 PM - 03:30 PM
EEE101,2,DAH,0/30,MW 11:50 AM - 01:20 PM
EEE101,3,DMMUR,0/30,MW 08:30 AM - 10:00 AM
EEE101,3,DMMUR,0/30,S 01:30 PM - 03:30 PM
EEE101,3,DMMUR,0/30,S 01:30 PM - 03:30 PM
EEE101,4,TBA,0/30,R 04:50 PM - 06:20 PM
EEE101,4,TBA,0/30,T 10:10 AM - 12:10 PM
EEE101,4,TBA,0/30,T 10:10 AM - 12:10 PM
EEE101,4,TBA,0/30,T 04:50 PM - 06:20 PM
EEE101,5,TBA,0/30,R 01:30 PM - 03:00 PM
EEE101,5,TBA,0/30,S 01:30 PM - 03:00 PM
EEE101,5,TBA,0/30,M 08:00 AM - 10:00 AM
EEE101,5,TBA,0/30,M 08:00 AM - 10:00 AM
EEE101,6,TBA,0/30,W 08:00 AM - 10:00 AM
EEE101,6,TBA,0/30,S 08:30 AM - 10:00 AM
EEE101,6,TBA,0/30,R 08:30 AM - 10:00 AM
EEE101,6,TBA,0/30,W 08:00 AM - 10:00 AM
EEE102,1,KHA,0/30,MW 01:30 PM - 03:00 PM
EEE102,1,KHA,0/30,S 10:10 AM - 12:10 PM
EEE102,2,DMRK,0/30,S 08:00 AM - 10:00 AM
EEE102,2,DMRK,0/30,TR 08:30 AM - 10:00 AM
EEE102,3,DMRK,0/30,T 11:50 AM - 01:20 PM
EEE102,3,DMRK,0/30,M 08:00 AM - 10:00 AM
EEE102,3,DMRK,0/30,R 11:50 AM - 01:20 PM
EEE102,4,TBA,0/30,T 01:30 PM - 03:30 PM
EEE102,4,TBA,0/30,MW 04:50 PM - 06:20 PM
EEE105,1,TBA,0/30,S 04:50 PM - 06:20 PM
EEE105,1,TBA,0/30,T 04:50 PM - 06:50 PM
EEE105,1,TBA,0/30,R 04:50 PM - 06:20 PM
EEE105,2,TBA,0/30,R 01:30 PM - 03:00 PM
EEE105,2,TBA,0/30,S 04:50 PM - 06:50 PM
EEE105,2,TBA,0/30,S 01:30 PM - 03:00 PM
EEE105,3,FMA,0/30,M 01:30 PM - 03:00 PM
EEE105,3,FMA,0/30,S 01:30 PM - 03:30 PM
EEE105,3,FMA,0/30,W 01:30 PM - 03:00 PM
EEE165,1,TBA,0/40,S 03:10 PM - 04:40 PM
EEE165,1,TBA,0/40,R 03:10 PM - 04:40 PM
EEE165,2,TBA,0/40,R 04:50 PM - 06:20 PM
EEE165,2,TBA,0/40,S 04:50 PM - 06:20 PM
EEE201,1,DMMUR,0/30,MW 11:50 AM - 01:20 PM
EEE201,1,DMMUR,0/30,T 01:30 PM - 03:30 PM
EEE201,1,DMMUR,0/30,T 01:30 PM - 03:30 PM
EEE201,2,TBA,0/30,M 10:10 AM - 12:10 PM
EEE201,2,TBA,0/30,M 10:10 AM - 12:10 PM
EEE201,2,TBA,0/30,T 04:50 PM - 06:20 PM
EEE201,2,TBA,0/30,R 04:50 PM - 06:20 PM
EEE201,3,DMMUR,0/30,T 10:10 AM - 11:40 AM
EEE201,3,DMMUR,0/30,S 10:10 AM - 11:40 AM
EEE201,3,DMMUR,0/30,R 10:10 AM - 12:10 PM
EEE201,3,DMMUR,0/30,R 10:10 AM - 12:10 PM
EEE202,1,KNS,0/30,M 01:30 PM - 03:30 PM
EEE202,1,KNS,0/30,SR 11:50 AM - 01:20 PM
EEE202,2,KNS,0/30,TR 03:10 PM - 04:40 PM
EEE202,2,DMMAH,0/30,S 01:30 PM - 03:30 PM
EEE202,3,KNS,0/30,T 10:10 AM - 12:10 PM
EEE202,3,KNS,0/30,MW 11:50 AM - 01:20 PM
EEE204,1,RZS,0/30,W 01:30 PM - 03:00 PM
EEE204,1,RZS,0/30,T 08:00 AM - 10:00 AM
EEE204,1,RZS,0/30,M 01:30 PM - 03:00 PM
EEE204,2,RZS,0/30,R 01:30 PM - 03:00 PM
EEE204,2,RZS,0/30,W 08:00 AM - 10:00 AM
EEE204,2,RZS,0/30,S 01:30 PM - 03:00 PM
EEE204,3,RZS,0/30,S 10:10 AM - 11:40 AM
EEE204,3,RZS,0/30,R 10:10 AM - 12:10 PM
EEE204,3,RZS,0/30,T 10:10 AM - 11:40 AM
EEE205,1,TBA,0/30,S 04:50 PM - 06:50 PM
EEE205,1,DMRK,0/30,MW 01:30 PM - 03:00 PM
EEE205,2,TBA,0/30,S 04:50 PM - 06:20 PM
EEE205,2,TBA,0/30,M 10:10 AM - 12:10 PM
EEE205,2,TBA,0/30,R 04:50 PM - 06:20 PM
EEE205,3,TBA,0/30,R 08:30 AM - 10:00 AM
EEE205,3,TBA,0/30,T 01:30 PM - 03:30 PM
EEE205,3,TBA,0/30,S 08:30 AM - 10:00 AM
EEE300,1,ADRN,0/40,ST 04:50 PM - 06:20 PM
EEE300,2,TBA,0/40,T 04:50 PM - 06:20 PM
EEE300,2,TBA,0/40,R 04:50 PM - 06:20 PM
EEE301,1,SMNP,0/30,TR 03:10 PM - 04:40 PM
EEE301,1,KHA,0/30,S 01:30 PM - 03:30 PM
EEE301,2,SMNP,0/30,S 08:00 AM - 10:00 AM
EEE301,2,SMNP,0/30,TR 08:30 AM - 10:00 AM
EEE301,2,SMNP,0/30,S 08:00 AM - 10:00 AM
EEE303,1,DFP,0/40,MW 03:10 PM - 04:40 PM
EEE303,2,DFP,0/40,T 11:50 AM - 01:20 PM
EEE303,2,DFP,0/40,R 11:50 AM - 01:20 PM
EEE304,1,DRAH,0/30,T 10:10 AM - 11:40 AM
EEE304,1,DRAH,0/30,S 10:10 AM - 11:40 AM
EEE304,1,DRAH,0/30,M 04:50 PM - 06:50 PM
EEE304,1,DRAH,0/30,M 04:50 PM - 06:50 PM
EEE304,2,SMNP,0/30,T 10:10 AM - 12:10 PM
EEE304,2,SMNP,0/30,T 10:10 AM - 12:10 PM
EEE304,2,DRAH,0/30,MW 11:50 AM - 01:20 PM
EEE305,1,RNS,0/40,R 01:30 PM - 03:00 PM
EEE305,1,RNS,0/40,T 01:30 PM - 03:00 PM
EEE305,2,TBA,0/40,S 03:10 PM - 04:40 PM
EEE305,2,TBA,0/40,R 03:10 PM - 04:40 PM
EEE306,1,MMAI,0/30,T 10:10 AM - 11:40 AM
EEE306,1,MMAI,0/30,S 10:10 AM - 11:40 AM
EEE306,1,MMAI,0/30,R 08:00 AM - 10:00 AM
EEE306,1,MMAI,0/30,R 08:00 AM - 10:00 AM
EEE306,2,MMAI,0/30,T 08:00 AM - 10:00 AM
EEE306,2,MMAI,0/30,T 08:00 AM - 10:00 AM
EEE306,2,MMAI,0/30,M 10:10 AM - 11:40 AM
EEE306,2,MMAI,0/30,W 10:10 AM - 11:40 AM
EEE307,1,ADRN,0/30,MW 03:10 PM - 04:40 PM
EEE307,1,ADRN,0/30,S 01:30 PM - 03:30 PM
EEE307,2,ADRN,0/30,T 01:30 PM - 03:30 PM
EEE307,2,ADRN,0/30,MW 11:50 AM - 01:20 PM
EEE308,1,RNS,0/40,TR 03:10 PM - 04:40 PM
EEE308,2,TBA,0/40,S 10:10 AM - 11:40 AM
EEE308,2,TBA,0/40,R 10:10 AM - 11:40 AM
EEE309,1,HAB,0/30,MW 08:30 AM - 10:00 AM
EEE309,1,HAB,0/30,T 08:00 AM - 10:00 AM
EEE309,2,HAB,0/30,R 08:00 AM - 10:00 AM
EEE309,2,HAB,0/30,S 11:50 AM - 01:20 PM
EEE309,2,HAB,0/30,T 11:50 AM - 01:20 PM
EEE399,1,MMKR,0/40,MW 08:30 AM - 10:00 AM
EEE399,2,TBA,0/40,T 08:30 AM - 10:00 AM
EEE399,2,TBA,0/40,R 08:30 AM - 10:00 AM
EEE400,1,A,0/30,1HAB
EEE400,1,A,0/30,2HAB
EEE402,1,TBA,0/30,MW 04:50 PM - 06:20 PM
EEE402,1,TBA,0/30,T 01:30 PM - 03:30 PM
EEE402,1,TBA,0/30,T 01:30 PM - 03:30 PM
EEE403,1,MMAI,0/40,MW 08:30 AM - 10:00 AM
EEE416,1,DMMAH,0/30,MW 10:10 AM - 11:40 AM
EEE416,1,DMMAH,0/30,M 01:30 PM - 03:30 PM
EEE416,2,DMMAH,0/30,W 01:30 PM - 03:30 PM
EEE416,2,DMMAH,0/30,SR 11:50 AM - 01:20 PM
EEE417,1,KHA,0/40,TR 11:50 AM - 01:20 PM
EEE421,1,DFP,0/30,ST 03:10 PM - 04:40 PM
EEE421,1,DFP,0/30,R 01:30 PM - 03:30 PM
EEE421,1,DFP,0/30,R 01:30 PM - 03:30 PM
EEE433,1,FMA,0/30,S 04:50 PM - 06:50 PM
EEE433,1,FMA,0/30,TR 04:50 PM - 06:20 PM
EEE436,1,FMA,0/40,M 04:50 PM - 06:20 PM
EEE436,1,FMA,0/40,W 04:50 PM - 06:20 PM
EEE441,1,SMNP,0/40,MW 08:30 AM - 10:00 AM
EEE445,1,DAH,0/40,TR 10:10 AM - 11:40 AM
EEE447,1,DRAH,0/30,ST 01:30 PM - 03:00 PM
EEE447,1,DRAH,0/30,R 08:00 AM - 10:00 AM
CE401,1,FYH,0/40,SR 10:10 AM - 11:40 AM
CE410,1,TAJWAR,0/40,T 08:00 AM - 10:00 AM
CE411,1,TBA,0/40,SR 10:10 AM - 11:40 AM
CE412,1,ALHAZ,0/40,W 08:00 AM - 10:00 AM
CE415,1,SAIFUL,0/40,S 10:10 AM - 12:10 PM
CE417,1,SAIFUL,0/40,M 03:10 PM - 05:10 PM
CE433,1,JTH,0/40,ST 04:50 PM - 06:20 PM
CE441,1,TBA,30/40,S 11:50 AM - 01:20 PM
CE441,1,TBA,30/40,R 11:50 AM - 01:20 PM
CE453,1,DMTS,0/30,MW 11:50 AM - 01:20 PM
CE453,1,DMTS,0/30,M 08:00 AM - 10:00 AM
CE454,1,KMSN,0/30,W 04:50 PM - 06:50 PM
CE455,1,KMSN,0/40,M 01:30 PM - 03:30 PM
CE459,1,MNZ,0/40,W 01:30 PM - 03:30 PM
CE463,1,KASB,0/40,TR 08:30 AM - 10:00 AM
CE7100,1,TAJWAR,0/30,T 11:50 AM - 01:50 PM
CE7100,2,KASB,0/30,T 02:00 PM - 04:00 PM
CE7100,3,TBA,0/30,T 08:00 AM - 10:00 AM
CE7101,1,DMNH,0/30,MW 03:10 PM - 04:40 PM
CE7101,2,DMTS,0/30,MW 10:10 AM - 11:40 AM
CE7101,3,TBA,0/30,S 01:30 PM - 03:00 PM
CE7101,3,TBA,0/30,R 01:30 PM - 03:00 PM
CE7102,1,JTH,0/30,W 10:10 AM - 12:10 PM
CE7102,2,MNZ,0/30,R 08:00 AM - 10:00 AM
CE7102,3,MNZ,0/30,S 04:50 PM - 06:50 PM
CE7103,1,TAJWAR,0/30,MW 01:30 PM - 03:00 PM
CE7103,1,TAJWAR,0/30,W 08:00 AM - 10:00 AM
CE7200,1,JTH,0/40,W 08:00 AM - 10:00 AM
CE7200,2,ALHAZ,0/40,R 10:10 AM - 12:10 PM
CE7201,1,DMTS,0/30,TR 10:10 AM - 11:40 AM
CE7201,1,DMTS,0/30,S 01:30 PM - 03:30 PM
CE7201,2,FYH,0/30,W 10:10 AM - 12:10 PM
CE7201,2,FYH,0/30,MW 08:30 AM - 10:00 AM
CE7203,1,DMRN,0/40,ST 03:10 PM - 04:40 PM
CE7203,2,JTH,0/40,MW 01:30 PM - 03:00 PM
CE7208,1,TBA,0/40,T 11:50 AM - 01:50 PM
CE7208,2,DMTS,0/40,M 03:10 PM - 05:10 PM
CE7211,1,DMNH,0/30,MW 10:10 AM - 11:40 AM
CE7211,1,TAJWAR,0/30,W 03:10 PM - 05:10 PM
CE7211,2,ALHAZ,0/30,R 08:00 AM - 10:00 AM
CE7211,2,ALHAZ,0/30,ST 10:10 AM - 11:40 AM
CE7211,3,ALHAZ,0/30,ST 04:50 PM - 06:20 PM
CE7211,3,ALHAZ,0/30,W 10:10 AM - 12:10 PM
CE7213,1,TBA,0/40,ST 04:50 PM - 06:20 PM
CE7213,2,FYH,0/40,S 11:50 AM - 01:20 PM
CE7213,2,FYH,0/40,R 11:50 AM - 01:20 PM
CE7227,1,DMKT,0/30,R 01:30 PM - 03:00 PM
CE7227,1,DMKT,0/30,S 01:30 PM - 03:00 PM
CE7227,1,DMKT,0/30,M 01:30 PM - 03:30 PM
CE7227,2,ALHAZ,0/30,S 01:30 PM - 03:30 PM
CE7227,2,ALHAZ,0/30,TR 01:30 PM - 03:00 PM
CE7227,3,JTH,0/30,TR 01:30 PM - 03:00 PM
CE7227,3,JTH,0/30,S 01:30 PM - 03:30 PM
CE7261,1,KASB,0/30,R 11:50 AM - 01:20 PM
CE7261,1,KASB,0/30,S 11:50 AM - 01:20 PM
CE7261,1,KASB,0/30,S 01:30 PM - 03:30 PM
CE7261,2,SADIK,0/30,T 02:00 PM - 04:00 PM
CE7261,2,SADIK,0/30,MW 01:30 PM - 03:00 PM
CE7301,1,TBA,0/40,MW 04:50 PM - 06:20 PM
CE7301,2,AKMI,0/40,TR 10:10 AM - 11:40 AM
CE7311,1,DMKT,0/40,ST 03:10 PM - 04:40 PM
CE7311,2,DMNH,0/40,ST 03:10 PM - 04:40 PM
CE7315,1,SAIFUL,0/30,ST 03:10 PM - 04:40 PM
CE7315,1,SAIFUL,0/30,T 11:50 AM - 01:50 PM
CE7319,1,TAJWAR,0/30,S 08:00 AM - 10:00 AM
CE7319,1,TAJWAR,0/30,SR 10:10 AM - 11:40 AM
CE7331,1,SADIK,0/30,TR 11:50 AM - 01:20 PM
CE7331,1,SADIK,0/30,S 10:10 AM - 12:10 PM
CE7331,2,SADIK,0/30,M 10:10 AM - 12:10 PM
CE7331,2,SADIK,0/30,MW 04:50 PM - 06:20 PM
CE7341,1,DMKT,0/30,T 10:10 AM - 11:40 AM
CE7341,1,DMKT,0/30,W 10:10 AM - 01:10 PM
CE7341,1,DMKT,0/30,R 10:10 AM - 11:40 AM
CE7351,1,FYH,0/40,ST 03:10 PM - 04:40 PM
CE7361,1,KASB,0/30,MW 10:10 AM - 11:40 AM
CE7361,1,KASB,0/30,M 11:50 AM - 02:50 PM
INF7101,1,DDB,0/40,ST 11:50 AM - 01:20 PM
INF7101,2,DDB,0/40,MW 08:30 AM - 10:00 AM
INF7102,1,ARSN,0/40,T 03:10 PM - 04:40 PM
INF7102,1,ARSN,0/40,R 03:10 PM - 04:40 PM
INF7103,1,KMGH,0/40,R 10:10 AM - 11:40 AM
INF7103,1,KMGH,0/40,S 10:10 AM - 11:40 AM
INF7103,2,NAZMUL,0/40,SR 08:30 AM - 10:00 AM
INF7104,1,KMGH,0/40,SR 08:30 AM - 10:00 AM
INF7105,1,RAISA,0/40,SR 10:10 AM - 11:40 AM
INF7105,2,ASHIK,0/40,T 03:10 PM - 04:40 PM
INF7105,2,ASHIK,0/40,R 03:10 PM - 04:40 PM
INF7105,3,ASHIK,0/40,R 01:30 PM - 03:00 PM
INF7105,3,ASHIK,0/40,S 01:30 PM - 03:00 PM
INF7107,1,RRN,0/40,ST 03:10 PM - 04:40 PM
INF7107,2,AIA,0/40,SR 01:30 PM - 03:00 PM
INF7201,1,HNI,0/40,TR 03:10 PM - 04:40 PM
INF7201,2,AIA,0/40,SR 03:10 PM - 04:40 PM
INF7202,1,ARSN,0/40,S 11:50 AM - 01:20 PM
INF7202,1,ARSN,0/40,R 11:50 AM - 01:20 PM
INF7202,2,ARSN,0/40,MW 10:10 AM - 11:40 AM
INF7206,1,HNI,0/40,MW 11:50 AM - 01:20 PM
INF7206,2,HNI,0/40,MW 03:10 PM - 04:40 PM
INF7207,1,RAISA,0/40,ST 08:30 AM - 10:00 AM
INF7207,2,RAISA,0/40,MW 04:50 PM - 06:20 PM
INF7208,1,DMRZ,0/40,MW 03:10 PM - 04:40 PM
INF7208,2,DMRZ,0/40,MW 04:50 PM - 06:20 PM
INF7210,1,MNM,0/40,MW 01:30 PM - 03:00 PM
INF7210,2,MNM,0/40,MW 03:10 PM - 04:40 PM
INF7301,1,DDB,0/40,ST 08:30 AM - 10:00 AM
INF7301,2,DDB,0/40,MW 11:50 AM - 01:20 PM
INF7306,1,RRN,0/40,MW 10:10 AM - 11:40 AM
INF7306,2,RRN,0/40,MW 03:10 PM - 04:40 PM
INF7308,1,RRN,0/30,SR 10:10 AM - 11:40 AM
INF7308,1,RRN,0/30,T 10:10 AM - 12:10 PM
INF7401,1,HNI,0/30,S 01:30 PM - 03:30 PM
INF7401,1,HNI,0/30,T 11:50 AM - 01:20 PM
INF7401,1,HNI,0/30,R 11:50 AM - 01:20 PM
INF7401,2,ARSN,0/30,MW 03:10 PM - 04:40 PM
INF7401,2,ARSN,0/30,T 08:00 AM - 10:00 AM
INF7402,1,DSMM,0/30,M 01:30 PM - 03:30 PM
INF7402,1,DSMM,0/30,MW 10:10 AM - 11:40 AM
INF7402,2,DSMM,0/30,MW 11:50 AM - 01:20 PM
INF7402,2,DSMM,0/30,W 08:00 AM - 10:00 AM
INF7403,1,DMSL,0/30,S 10:10 AM - 12:10 PM
INF7403,1,DMSL,0/30,MW 10:10 AM - 11:40 AM
INF7403,2,DMSL,0/30,R 10:10 AM - 12:10 PM
INF7403,2,DMSL,0/30,MW 01:30 PM - 03:00 PM
INF7404,1,ASHIK,0/30,MW 04:50 PM - 06:20 PM
INF7404,1,ASHIK,0/30,S 08:00 AM - 10:00 AM
INF7404,2,ASHIK,0/30,S 11:50 AM - 01:20 PM
INF7404,2,ASHIK,0/30,R 11:50 AM - 01:20 PM
INF7404,2,ASHIK,0/30,W 01:30 PM - 03:30 PM
INF7406,1,DMSL,0/40,SR 01:30 PM - 03:00 PM
INF7406,2,RAISA,0/40,TR 03:10 PM - 04:40 PM
INF7498,1,TBA,0/40,Thesis
INF7499,1,TBA,0/40,Internship
ISL207,1,HNI,0/5,MW 11:50 AM - 01:20 PM
ISL207,2,HNI,0/5,MW 03:10 PM - 04:40 PM
ISL307,1,MNM,0/5,MW 01:30 PM - 03:00 PM
ISL307,2,MNM,0/5,MW 03:10 PM - 04:40 PM
ISL311,1,DMRZ,0/5,MW 03:10 PM - 04:40 PM
ISL311,2,DMRZ,0/5,MW 04:50 PM - 06:20 PM
ISL403,1,KMGH,0/5,SR 08:30 AM - 10:00 AM
ISL405,1,HNI,0/5,T 11:50 AM - 01:20 PM
ISL405,1,HNI,0/5,S 01:30 PM - 03:30 PM
ISL405,1,HNI,0/5,R 11:50 AM - 01:20 PM
ISL405,2,ARSN,0/5,MW 03:10 PM - 04:40 PM
ISL405,2,ARSN,0/5,T 08:00 AM - 10:00 AM
ISL406,1,DSMM,0/5,M 01:30 PM - 03:30 PM
ISL406,1,DSMM,0/5,MW 10:10 AM - 11:40 AM
ISL406,2,DSMM,0/5,MW 11:50 AM - 01:20 PM
ISL406,2,DSMM,0/5,W 08:00 AM - 10:00 AM
ISL407,1,DMSL,0/5,MW 10:10 AM - 11:40 AM
ISL407,1,DMSL,0/5,S 10:10 AM - 12:10 PM
ISL407,2,DMSL,0/5,MW 01:30 PM - 03:00 PM
ISL407,2,DMSL,0/5,R 10:10 AM - 12:10 PM
ISL408,1,DMSL,0/5,SR 01:30 PM - 03:00 PM
ISL408,2,RAISA,0/5,TR 03:10 PM - 04:40 PM
ISL409,1,ASHIK,0/5,MW 04:50 PM - 06:20 PM
ISL409,1,ASHIK,0/5,S 08:00 AM - 10:00 AM
ISL409,2,ASHIK,0/5,S 11:50 AM - 01:20 PM
ISL409,2,ASHIK,0/5,R 11:50 AM - 01:20 PM
ISL409,2,ASHIK,0/5,W 01:30 PM - 03:30 PM
ISL498,1,TBA,0/5,Thesis
ISL499,1,TBA,0/5,Internship
LAW102,1,AHABIB,0/40,A 11:40 AM - 02:10 PM
LAW102,2,FRS,2/4,S 03:50 PM - 05:05 PM
LAW102,2,FRS,2/4,T 03:50 PM - 05:05 PM
LAW104,1,NADIA,0/40,S 11:35 AM - 12:50 PM
LAW104,1,NADIA,0/40,W 11:35 AM - 12:50 PM
LAW104,2,OISHE,2/3,TR 11:35 AM - 12:50 PM
LAW105,2,FRS,2/2,SW 02:25 PM - 03:40 PM
LAW106,1,NBF,0/5,MW 11:35 AM - 12:50 PM
LAW106,2,SMUA,3/5,ST 02:25 PM - 03:40 PM
LAW107,2,FRS,0/1,SW 02:25 PM - 03:40 PM
LAW108,1,NBF,28/30,TR 10:10 AM - 11:25 AM
LAW108,2,MN,17/30,ST 10:10 AM - 11:25 AM
LAW201,1,MOF,45/46,A 01:30 PM - 04:00 PM
LAW202,2,NAA,2/2,M 01:00 PM - 02:15 PM
LAW202,2,NAA,2/2,W 01:00 PM - 02:15 PM
LAW203,2,FRS,0/1,MR 11:35 AM - 12:50 PM
LAW204,2,TANBIR,6/6,MW 08:45 AM - 10:00 AM
LAW205,2,SKMR,2/2,M 02:25 PM - 03:40 PM
LAW205,2,SKMR,2/2,W 02:25 PM - 03:40 PM
LAW206,1,SNEHADRI,19/40,TR 03:50 PM - 05:05 PM
LAW208,2,DMHN,3/3,ST 02:25 PM - 03:40 PM
LAW209,2,MHSL,0/1,MW 05:15 PM - 06:30 PM
LAW301,1,TANBIR,43/43,ST 11:35 AM - 12:50 PM
LAW302,1,SKMR,16/40,T 02:25 PM - 03:40 PM
LAW302,1,SKMR,16/40,R 02:25 PM - 03:40 PM
LAW303,2,SMUA,3/3,TR 10:10 AM - 11:25 AM
LAW304,1,NBF,21/40,MW 10:10 AM - 11:25 AM
LAW305,1,NAA,33/40,MR 11:35 AM - 12:50 PM
LAW306,1,MHSL,42/42,T 05:15 PM - 06:30 PM
LAW306,1,MHSL,42/42,R 05:15 PM - 06:30 PM
LAW307,1,RMD,23/40,MW 10:10 AM - 11:25 AM
LAW308,1,SNEHADRI,28/40,TR 05:15 PM - 06:30 PM
LAW309,1,DNTM,40/40,ST 01:00 PM - 02:15 PM
LAW309,2,MN,33/40,MW 10:10 AM - 11:25 AM
LAW310,1,MN,31/40,TR 01:00 PM - 02:15 PM
LAW310,2,MOF,41/41,A 04:10 PM - 06:40 PM
LAW311,1,NAA,34/40,ST 10:10 AM - 11:25 AM
LAW311,2,FARZANA,45/45,T 02:25 PM - 03:40 PM
LAW311,2,FARZANA,45/45,T 03:50 PM - 05:05 PM
LAW312,1,RMD,26/30,ST 08:45 AM - 10:00 AM
LAW312,2,RMD,37/40,MW 01:00 PM - 02:15 PM
LAW401,1,SAMIDUL,30/40,F 10:40 AM - 01:10 PM
LAW401,2,MN,43/43,M 02:25 PM - 03:40 PM
LAW401,2,MN,43/43,R 02:25 PM - 03:40 PM
LAW402,1,MGB,34/40,F 10:40 AM - 01:10 PM
LAW402,2,ATT,21/40,A 10:40 AM - 01:10 PM
LAW403,1,DMHN,36/40,MW 03:50 PM - 05:05 PM
LAW404,1,TANBIR,33/33,MW 10:10 AM - 11:25 AM
LAW404,2,TANBIR,32/32,ST 10:10 AM - 11:25 AM
LAW404,3,SMUA,22/30,MW 02:25 PM - 03:40 PM
LAW405,1,MFQ,32/42,F 08:00 AM - 10:30 AM
LAW405,2,AHABIB,39/40,A 08:00 AM - 10:30 AM
LAW406,1,TBA,84/84,A 04:10 PM - 06:40 PM
LAW406,1,TBA,84/84,A 06:51 PM - 09:51 PM
LAW407,1,MGB,28/40,F 08:00 AM - 10:30 AM
LAW407,2,MFQ,36/40,F 10:40 AM - 01:10 PM
LAW408,1,SHSR,44/44,F 03:00 PM - 05:30 PM
LAW408,2,SHSR,43/43,F 05:40 PM - 08:10 PM
LAW409,1,OISHE,44/44,A 10:50 AM - 01:20 PM
LAW409,2,OISHE,43/43,A 01:30 PM - 04:00 PM
ACT7101,1,DACY,0/30,ST 11:50 AM - 01:20 PM
ACT7101,2,NHN,0/30,MW 03:10 PM - 04:40 PM
ACT7101,3,NHN,0/30,MW 04:50 PM - 06:20 PM
ACT7101,4,THD,0/30,MW 08:30 AM - 10:00 AM
ACT7101,5,RHM,0/30,SR 08:30 AM - 10:00 AM
ACT7101,6,TOMA,0/30,TR 01:30 PM - 03:00 PM
ACT7101,7,TOMA,0/30,SR 03:10 PM - 04:40 PM
ACT7101,8,NAMIRAH,0/30,TR 01:30 PM - 03:00 PM
ACT7101,9,NAMIRAH,0/30,SR 04:50 PM - 06:20 PM
ACT7101,10,NAMIRAH,0/30,MW 01:30 PM - 03:00 PM
ACT7101,11,FARIN,0/30,SR 08:30 AM - 10:00 AM
ACT7101,12,FARIN,0/30,TR 10:10 AM - 11:40 AM
ACT7101,13,DMMNR,0/30,MW 10:10 AM - 11:40 AM
ACT7201,1,MRDI,0/30,MW 10:10 AM - 11:40 AM
ACT7201,2,ZMD,0/30,MW 10:10 AM - 11:40 AM
ACT7201,3,ZMD,0/30,MW 11:50 AM - 01:20 PM
ACT7201,4,ZMD,0/30,TR 10:10 AM - 11:40 AM
ACT7201,5,NHN,0/30,TR 03:10 PM - 04:40 PM
ACT7201,6,NHN,0/30,SR 04:50 PM - 06:20 PM
ACT7201,7,TOMA,0/30,ST 04:50 PM - 06:20 PM
ACT7201,8,TOMA,0/30,MW 03:10 PM - 04:40 PM
ACT7201,9,NAMIRAH,0/30,MW 04:50 PM - 06:20 PM
ACT7301,1,RHM,0/30,ST 10:10 AM - 11:40 AM
ACT7301,2,RHM,0/30,MW 08:30 AM - 10:00 AM
ACT7301,3,DMJS,0/30,MW 11:50 AM - 01:20 PM
ACT7301,4,DMJS,0/30,MW 01:30 PM - 03:00 PM
ACT7401,1,DACY,0/30,ST 01:30 PM - 03:00 PM
ACT7401,2,MRDI,0/30,SR 11:50 AM - 01:20 PM
ACT7412,1,THD,0/30,SR 08:30 AM - 10:00 AM
ACT7412,2,THD,0/30,MW 10:10 AM - 11:40 AM
ACT7413,1,NCS,0/30,MW 10:10 AM - 11:40 AM
ACT7413,2,NCS,0/30,MW 11:50 AM - 01:20 PM
ACT7422,1,AKMAZ,0/30,MW 08:30 AM - 10:00 AM
ACT7422,2,AKMAZ,0/30,MW 10:10 AM - 11:40 AM
ACT7435,1,NCS,0/30,ST 10:10 AM - 11:40 AM
ACT7439,1,DMMNR,0/30,MW 08:30 AM - 10:00 AM
ACT7445,1,DACY,0/30,MW 01:30 PM - 03:00 PM
BUS101,1,MOKTAR,0/30,MW 01:30 PM - 03:00 PM
BUS101,2,MOKTAR,0/30,MW 03:10 PM - 04:40 PM
BUS101,3,HSM,0/30,MW 03:10 PM - 04:40 PM
BUS101,4,HSM,0/30,MW 04:50 PM - 06:20 PM
BUS101,5,MSIF,0/30,ST 03:10 PM - 04:40 PM
BUS101,6,NFI,0/30,ST 10:10 AM - 11:40 AM
BUS101,7,NFI,0/30,ST 11:50 AM - 01:20 PM
BUS101,8,DANZ,0/30,MW 08:30 AM - 10:00 AM
BUS101,9,DANZ,0/30,MW 10:10 AM - 11:40 AM
BUS101,10,SHARIFUL,0/30,MW 03:10 PM - 04:40 PM
BUS101,11,SHARIFUL,0/30,MW 04:50 PM - 06:20 PM
BUS7231,1,KB,0/30,ST 11:50 AM - 01:20 PM
BUS7231,2,KB,0/30,TR 03:10 PM - 04:40 PM
BUS7231,3,FZK,0/30,MW 04:50 PM - 06:20 PM
BUS7231,4,ASIFSAMI,0/30,MW 08:30 AM - 10:00 AM
BUS7231,5,ASIFSAMI,0/30,MW 01:30 PM - 03:00 PM
BUS7231,6,JMA,0/30,MW 10:10 AM - 11:40 AM
BUS7231,7,JMA,0/30,ST 04:50 PM - 06:20 PM
BUS7231,8,DMFI,0/30,MW 03:10 PM - 04:40 PM
BUS7231,9,DMFI,0/30,MW 04:50 PM - 06:20 PM
BUS7361,1,MHSL,0/30,ST 08:30 AM - 10:00 AM
BUS7361,2,MHSL,0/30,ST 01:30 PM - 03:00 PM
BUS7361,3,MN,0/30,MW 11:50 AM - 01:20 PM
BUS7361,4,SKMR,0/30,TR 11:50 AM - 01:20 PM
BUS7361,5,TANBIR,0/30,MW 01:30 PM - 03:00 PM
BUS7361,6,NAA,0/30,TR 01:30 PM - 03:00 PM
BUS7498,1,TBA,0/200,F 11:50 AM - 01:20 PM
BUS7499,1,TBA,0/200,A 11:50 AM - 01:20 PM
ESR7101,1,KB,0/30,MW 03:10 PM - 04:40 PM
ESR7101,2,MSHS,0/30,S 03:10 PM - 04:40 PM
ESR7101,2,MSHS,0/30,R 03:10 PM - 04:40 PM
ESR7101,3,MSHS,0/30,TR 04:50 PM - 06:20 PM
ESR7101,4,USN,0/30,MW 10:10 AM - 11:40 AM
ESR7101,5,USN,0/30,SR 11:50 AM - 01:20 PM
ESR7101,6,KAWSAR,0/30,MW 11:50 AM - 01:20 PM
ESR7101,7,KAWSAR,0/30,MW 03:10 PM - 04:40 PM
ESR7101,8,TBA,0/30,S 08:30 AM - 10:00 AM
ESR7101,8,TBA,0/30,R 08:30 AM - 10:00 AM
ESR7101,9,TBA,0/30,R 04:50 PM - 06:20 PM
ESR7101,9,TBA,0/30,T 04:50 PM - 06:20 PM
FIN7101,1,DSBA,0/30,S 10:10 AM - 11:40 AM
FIN7101,1,DSBA,0/30,T 10:10 AM - 11:40 AM
FIN7101,2,DSBA,0/30,T 11:50 AM - 01:20 PM
FIN7101,2,DSBA,0/30,S 11:50 AM - 01:20 PM
FIN7101,3,LVD,0/30,MW 01:30 PM - 03:00 PM
FIN7101,4,NBR,0/30,S 03:10 PM - 04:40 PM
FIN7101,4,NBR,0/30,T 03:10 PM - 04:40 PM
FIN7101,5,NBR,0/30,MW 11:50 AM - 01:20 PM
FIN7101,6,MMUF,0/30,S 08:30 AM - 10:00 AM
FIN7101,6,MMUF,0/30,R 08:30 AM - 10:00 AM
FIN7101,7,RJ,0/30,T 01:30 PM - 03:00 PM
FIN7101,7,RJ,0/30,R 01:30 PM - 03:00 PM
FIN7101,8,NJAHAN,0/30,SR 04:50 PM - 06:20 PM
FIN7101,9,NJAHAN,0/30,MW 01:30 PM - 03:00 PM
FIN7101,10,MFM,0/30,SR 03:10 PM - 04:40 PM
FIN7101,11,MFM,0/30,TR 04:50 PM - 06:20 PM
FIN7101,12,ZZH,0/30,SR 01:30 PM - 03:00 PM
FIN7101,13,ZZH,0/30,MW 04:50 PM - 06:20 PM
FIN7101,14,MRM,0/30,ST 08:30 AM - 10:00 AM
FIN7201,1,DSBA,0/30,MW 11:50 AM - 01:20 PM
FIN7201,2,LVD,0/30,S 01:30 PM - 03:00 PM
FIN7201,2,LVD,0/30,R 01:30 PM - 03:00 PM
FIN7201,3,NBR,0/30,MW 03:10 PM - 04:40 PM
FIN7201,4,NBR,0/30,ST 11:50 AM - 01:20 PM
FIN7201,5,MMUF,0/30,MW 08:30 AM - 10:00 AM
FIN7201,6,RJ,0/30,MW 01:30 PM - 03:00 PM
FIN7201,7,RJ,0/30,MW 03:10 PM - 04:40 PM
FIN7201,8,NJAHAN,0/30,MW 04:50 PM - 06:20 PM
FIN7201,9,MFM,0/30,MW 08:30 AM - 10:00 AM
FIN7201,10,MFM,0/30,M 11:50 AM - 01:20 PM
FIN7201,10,MFM,0/30,W 11:50 AM - 01:20 PM
FIN7201,11,ZZH,0/30,ST 08:30 AM - 10:00 AM
FIN7201,12,ZZH,0/30,SR 10:10 AM - 11:40 AM
FIN7335,1,MNS,0/30,MW 11:50 AM - 01:20 PM
FIN7335,2,MNS,0/30,TR 01:30 PM - 03:00 PM
FIN7335,3,MMUF,0/30,ST 10:10 AM - 11:40 AM
FIN7335,4,RJ,0/30,S 03:10 PM - 04:40 PM
FIN7335,4,RJ,0/30,R 03:10 PM - 04:40 PM
FIN7350,1,LVD,0/30,R 10:10 AM - 11:40 AM
FIN7350,1,LVD,0/30,T 10:10 AM - 11:40 AM
FIN7380,1,MNS,0/30,MW 03:10 PM - 04:40 PM
FIN7408,1,QSS,0/30,MW 08:30 AM - 10:00 AM
FIN7408,2,NJAHAN,0/30,T 03:10 PM - 04:40 PM
FIN7408,2,NJAHAN,0/30,R 03:10 PM - 04:40 PM
FIN7410,1,QSS,0/30,TR 08:30 AM - 10:00 AM
FIN7425,1,LVD,0/30,MW 10:10 AM - 11:40 AM
FIN7425,2,MRM,0/30,ST 10:10 AM - 11:40 AM
FIN7435,1,TAC,0/30,ST 01:30 PM - 03:00 PM
FIN7435,2,DSBA,0/30,MW 10:10 AM - 11:40 AM
FIN7465,1,TAC,0/30,MW 01:30 PM - 03:00 PM
FIN7465,2,QSS,0/30,TR 10:10 AM - 11:40 AM
FIN7475,1,MMUF,0/30,MW 11:50 AM - 01:20 PM
HRM7301,1,MARS,0/30,TR 10:10 AM - 11:40 AM
HRM7301,2,MARS,0/30,MW 11:50 AM - 01:20 PM
HRM7301,3,MARS,0/30,MW 03:10 PM - 04:40 PM
HRM7301,4,ADAS,0/30,S 08:30 AM - 10:00 AM
HRM7301,4,ADAS,0/30,R 08:30 AM - 10:00 AM
HRM7301,5,SHARNA,0/30,MW 03:10 PM - 04:40 PM
HRM7301,6,SHARNA,0/30,MW 04:50 PM - 06:20 PM
HRM7301,7,FARIN,0/30,MW 08:30 AM - 10:00 AM
HRM7411,1,RUA,0/30,MW 11:50 AM - 01:20 PM
HRM7411,2,TPE,0/30,ST 11:50 AM - 01:20 PM
HRM7412,1,LZ,0/30,MW 10:10 AM - 11:40 AM
HRM7412,2,TPE,0/30,MW 11:50 AM - 01:20 PM
HRM7413,1,RUA,0/30,MW 10:10 AM - 11:40 AM
HRM7415,1,LZ,0/30,ST 11:50 AM - 01:20 PM
HRM7415,2,LZ,0/30,MW 11:50 AM - 01:20 PM
HRM7416,1,SVA,0/30,SR 01:30 PM - 03:00 PM
HRM7417,1,ADAS,0/30,MW 10:10 AM - 11:40 AM
HRM7418,1,LZ,0/30,ST 10:10 AM - 11:40 AM
HRM7421,1,SVA,0/30,ST 03:10 PM - 04:40 PM
HRM7424,1,ADAS,0/30,ST 11:50 AM - 01:20 PM
ITB7301,1,JU,0/30,MW 01:30 PM - 03:00 PM
ITB7301,2,MSHS,0/30,MW 08:30 AM - 10:00 AM
ITB7301,3,TNI,0/30,TR 01:30 PM - 03:00 PM
ITB7301,4,TNI,0/30,SR 03:10 PM - 04:40 PM
ITB7301,5,TNI,0/30,TR 04:50 PM - 06:20 PM
ITB7301,6,JMA,0/30,SR 01:30 PM - 03:00 PM
ITB7301,7,JMA,0/30,TR 03:10 PM - 04:40 PM
ITB7453,1,TNI,0/30,MW 03:10 PM - 04:40 PM
ITB7454,1,JU,0/30,MW 11:50 AM - 01:20 PM
MGT7101,1,MSHS,0/30,MW 10:10 AM - 11:40 AM
MGT7101,2,USN,0/30,SR 10:10 AM - 11:40 AM
MGT7101,3,USN,0/30,TR 03:10 PM - 04:40 PM
MGT7101,4,KAWSAR,0/30,SR 01:30 PM - 03:00 PM
MGT7101,5,KAWSAR,0/30,TR 04:50 PM - 06:20 PM
MGT7101,6,SHARNA,0/30,SR 01:30 PM - 03:00 PM
MGT7101,7,SHARNA,0/30,TR 03:10 PM - 04:40 PM
MGT7101,8,TBA,0/30,R 03:10 PM - 04:40 PM
MGT7101,8,TBA,0/30,T 03:10 PM - 04:40 PM
MGT7101,9,TBA,0/30,S 04:50 PM - 06:20 PM
MGT7101,9,TBA,0/30,R 04:50 PM - 06:20 PM
MGT7101,10,TBA,0/30,R 03:10 PM - 04:40 PM
MGT7101,10,TBA,0/30,T 03:10 PM - 04:40 PM
MGT7101,11,TBA,0/30,S 04:50 PM - 06:20 PM
MGT7101,11,TBA,0/30,R 04:50 PM - 06:20 PM
MGT7101,12,NNABI,0/30,ST 03:10 PM - 04:40 PM
MGT7101,13,NNABI,0/30,ST 04:50 PM - 06:20 PM
MGT7251,1,FF,0/30,ST 01:30 PM - 03:00 PM
MGT7251,2,SVA,0/30,MW 11:50 AM - 01:20 PM
MGT7251,3,SVA,0/30,MW 03:10 PM - 04:40 PM
MGT7251,4,TPE,0/30,TR 01:30 PM - 03:00 PM
MGT7251,5,ADAS,0/30,MW 08:30 AM - 10:00 AM
MGT7251,6,TBA,0/30,S 08:30 AM - 10:00 AM
MGT7251,6,TBA,0/30,R 08:30 AM - 10:00 AM
MGT7251,7,TBA,0/30,MW 04:50 PM - 06:20 PM
MGT7251,8,TBA,0/30,T 08:30 AM - 10:00 AM
MGT7251,8,TBA,0/30,R 08:30 AM - 10:00 AM
MGT7251,9,TBA,0/30,MW 04:50 PM - 06:20 PM
MGT7251,10,MMHN,0/30,ST 03:10 PM - 04:40 PM
MGT7251,11,MMHN,0/30,ST 04:50 PM - 06:20 PM
MGT7338,1,DMARIF,0/30,ST 10:10 AM - 11:40 AM
MGT7338,2,DMARIF,0/30,MW 03:10 PM - 04:40 PM
MGT7338,3,SAM,0/30,ST 01:30 PM - 03:00 PM
MGT7338,4,ASIFSAMI,0/30,SR 08:30 AM - 10:00 AM
MGT7338,5,ASIFSAMI,0/30,T 10:10 AM - 11:40 AM
MGT7338,5,ASIFSAMI,0/30,R 10:10 AM - 11:40 AM
MGT7338,6,AHNAF,0/30,TR 03:10 PM - 04:40 PM
MGT7338,7,AHNAF,0/30,TR 04:50 PM - 06:20 PM
MGT7480,1,JU,0/30,TR 10:10 AM - 11:40 AM
MGT7480,2,JU,0/30,TR 01:30 PM - 03:00 PM
MGT7480,3,FF,0/30,MW 11:50 AM - 01:20 PM
MGT7480,4,FF,0/30,MW 01:30 PM - 03:00 PM
MGT7480,5,RUA,0/30,SR 10:10 AM - 11:40 AM
MGT7480,6,MSIF,0/30,ST 04:50 PM - 06:20 PM
MIS7101,1,MARN,0/30,T 01:30 PM - 03:00 PM
MIS7101,1,MARN,0/30,R 01:30 PM - 03:00 PM
MIS7101,2,BHE,0/30,W 11:50 AM - 01:20 PM
MIS7101,2,BHE,0/30,M 11:50 AM - 01:20 PM
MIS7101,3,BHE,0/30,M 01:30 PM - 03:00 PM
MIS7101,3,BHE,0/30,W 01:30 PM - 03:09 PM
MIS7101,4,MUNIRA,0/30,R 04:50 PM - 06:20 PM
MIS7101,4,MUNIRA,0/30,S 04:50 PM - 06:20 PM
MIS7101,5,TBA,0/30,T 01:30 PM - 03:00 PM
MIS7101,5,TBA,0/30,R 01:30 PM - 03:00 PM
MIS7101,6,TBA,0/30,R 04:50 PM - 06:20 PM
MIS7101,6,TBA,0/30,S 04:50 PM - 06:20 PM
MIS7101,7,TBA,0/30,M 04:50 PM - 06:20 PM
MIS7101,7,TBA,0/30,W 04:50 PM - 06:20 PM
MIS7101,8,TBA,0/30,S 10:10 AM - 11:40 AM
MIS7101,8,TBA,0/30,R 10:10 AM - 11:40 AM
MIS7101,9,TBA,0/30,R 11:50 AM - 01:20 PM
MIS7101,9,TBA,0/30,S 11:50 AM - 01:20 PM
MIS7101,10,TBA,0/30,T 08:30 AM - 10:00 AM
MIS7101,10,TBA,0/30,S 08:30 AM - 10:00 AM
MIS7101,11,TBA,0/30,W 04:50 PM - 06:20 PM
MIS7101,11,TBA,0/30,M 04:50 PM - 06:20 PM
MIS7101,12,MDARN,0/30,M 03:10 PM - 04:40 PM
MIS7101,12,MDARN,0/30,W 03:10 PM - 04:40 PM
MIS7101,13,MDARN,0/30,M 04:50 PM - 06:20 PM
MIS7101,13,MDARN,0/30,W 04:50 PM - 06:20 PM
MIS7101,14,DNJN,0/30,R 03:10 PM - 04:40 PM
MIS7101,14,DNJN,0/30,S 03:10 PM - 04:40 PM
MIS7101,15,DNJN,0/30,S 04:50 PM - 06:20 PM
MIS7101,15,DNJN,0/30,R 04:50 PM - 06:20 PM
MIS7101,16,ANMDS,0/30,T 03:00 PM - 04:20 PM
MIS7101,16,ANMDS,0/30,S 03:10 PM - 04:40 PM
MIS7101,17,ANMDS,0/30,S 04:50 PM - 06:20 PM
MIS7101,17,ANMDS,0/30,T 04:50 PM - 06:20 PM
MIS7305,1,ASM,0/30,S 10:10 AM - 11:40 AM
MIS7305,1,ASM,0/30,R 10:10 AM - 11:40 AM
MIS7305,2,MMRN,0/30,W 01:30 PM - 03:00 PM
MIS7305,2,MMRN,0/30,M 01:30 PM - 03:00 PM
MIS7305,3,MARN,0/30,M 10:10 AM - 11:40 AM
MIS7305,3,MARN,0/30,W 10:10 AM - 11:40 AM
MIS7305,4,MARN,0/30,W 01:30 PM - 03:00 PM
MIS7305,4,MARN,0/30,M 01:30 PM - 03:00 PM
MIS7305,5,BHE,0/30,S 11:50 AM - 01:20 PM
MIS7305,5,BHE,0/30,T 11:50 AM - 01:20 PM
MIS7305,6,BHE,0/30,R 01:30 PM - 03:00 PM
MIS7305,6,BHE,0/30,T 01:30 PM - 03:00 PM
MIS7305,7,MUNIRA,0/30,M 03:10 PM - 04:40 PM
MIS7305,7,MUNIRA,0/30,W 03:10 PM - 04:40 PM
MIS7305,8,MUNIRA,0/30,W 04:50 PM - 06:20 PM
MIS7305,8,MUNIRA,0/30,M 04:50 PM - 06:20 PM
MIS7305,9,DMAHM,0/30,M 03:10 PM - 04:40 PM
MIS7305,9,DMAHM,0/30,W 03:10 PM - 04:40 PM
MIS7305,10,DMAHM,0/30,W 04:50 PM - 06:20 PM
MIS7305,10,DMAHM,0/30,M 04:50 PM - 06:20 PM
MIS7401,1,MMRN,0/30,MW 10:10 AM - 11:40 AM
MIS7402,1,ASM,0/30,SR 01:30 PM - 03:00 PM
MIS7404,1,MMRN,0/30,ST 03:10 PM - 04:40 PM
MIS7406,1,MUNIRA,0/30,T 03:10 PM - 04:40 PM
MIS7406,1,MUNIRA,0/30,R 03:10 PM - 04:40 PM
MIS7415,1,ASM,0/30,MW 03:10 PM - 04:40 PM
MIS7421,1,MARN,0/30,ST 10:10 AM - 11:40 AM
MIS7426,1,TBA,0/30,ST 11:50 AM - 01:20 PM
MKT7101,1,SAM,0/30,ST 10:10 AM - 11:40 AM
MKT7101,2,MHZ,0/30,MW 11:50 AM - 01:20 PM
MKT7101,3,SAMEET,0/30,SR 01:30 PM - 03:00 PM
MKT7101,4,SAMEET,0/30,TR 04:50 PM - 06:20 PM
MKT7101,5,SRMALIHA,0/30,T 03:10 PM - 04:40 PM
MKT7101,5,SRMALIHA,0/30,R 03:10 PM - 04:40 PM
MKT7101,6,SRMALIHA,0/30,R 04:50 PM - 06:20 PM
MKT7101,6,SRMALIHA,0/30,S 04:50 PM - 06:20 PM
MKT7101,7,TBA,0/30,T 03:10 PM - 04:40 PM
MKT7101,7,TBA,0/30,R 03:10 PM - 04:40 PM
MKT7101,8,TBA,0/30,S 04:50 PM - 06:20 PM
MKT7101,8,TBA,0/30,R 04:50 PM - 06:20 PM
MKT7101,9,TBA,0/30,T 03:10 PM - 04:40 PM
MKT7101,9,TBA,0/30,R 03:10 PM - 04:40 PM
MKT7101,10,TBA,0/30,R 04:50 PM - 06:20 PM
MKT7101,10,TBA,0/30,S 04:50 PM - 06:20 PM
MKT7101,11,PNS,0/30,MW 04:50 PM - 06:20 PM
MKT7101,12,DMAN,0/30,SR 10:10 AM - 11:40 AM
MKT7201,1,SAT,0/30,MW 01:30 PM - 03:00 PM
MKT7201,2,SAMEET,0/30,MW 01:30 PM - 03:00 PM
MKT7201,3,SAMEET,0/30,MW 04:50 PM - 06:20 PM
MKT7201,4,SRMALIHA,0/30,MW 03:10 PM - 04:40 PM
MKT7201,5,SRMALIHA,0/30,MW 04:50 PM - 06:20 PM
MKT7201,6,TBA,0/30,T 08:30 AM - 10:00 AM
MKT7201,6,TBA,0/30,R 08:30 AM - 10:00 AM
MKT7201,7,TBA,0/30,MW 04:50 PM - 06:20 PM
MKT7201,8,TBA,0/30,S 08:30 AM - 10:00 AM
MKT7201,8,TBA,0/30,R 08:30 AM - 10:00 AM
MKT7201,9,TBA,0/30,MW 04:50 PM - 06:20 PM
MKT7201,10,DMHF,0/30,MW 04:50 PM - 06:20 PM
MKT7401,1,MHZ,0/30,SR 08:30 AM - 10:00 AM
MKT7401,2,MHZ,0/30,MW 08:30 AM - 10:00 AM
MKT7401,3,SAM,0/30,MW 10:10 AM - 11:40 AM
MKT7402,1,MAH,0/30,T 01:30 PM - 03:00 PM
MKT7402,1,MAH,0/30,R 01:30 PM - 03:00 PM
MKT7402,2,MAH,0/30,TR 04:50 PM - 06:20 PM
MKT7404,1,FZK,0/30,SR 01:30 PM - 03:00 PM
MKT7404,2,DMHF,0/30,MW 03:10 PM - 04:40 PM
MKT7408,1,TBA,0/30,T 04:50 PM - 06:20 PM
MKT7408,1,TBA,0/30,R 04:50 PM - 06:20 PM
MKT7410,1,MFF,0/30,S 10:10 AM - 11:40 AM
MKT7410,1,MFF,0/30,R 10:10 AM - 11:40 AM
MKT7410,2,MFF,0/30,T 01:30 PM - 03:00 PM
MKT7410,2,MFF,0/30,S 01:30 PM - 03:00 PM
MKT7412,1,SAT,0/30,MW 10:10 AM - 11:40 AM
MKT7412,2,FZK,0/30,TR 04:50 PM - 06:20 PM
MKT7414,1,MFF,0/30,MW 01:30 PM - 03:00 PM
MKT7414,2,DMAN,0/30,SR 08:30 AM - 10:00 AM
MKT7416,1,MAH,0/30,MW 03:10 PM - 04:40 PM
MKT7416,2,MHZ,0/30,R 10:10 AM - 11:40 AM
MKT7416,2,MHZ,0/30,T 10:10 AM - 11:40 AM
MKT7418,1,MAH,0/30,MW 11:50 AM - 01:20 PM
MKT7424,1,PNS,0/30,MW 03:10 PM - 04:40 PM
MKT7430,1,SAT,0/30,ST 11:50 AM - 01:20 PM
PHRM101,1,NGST,2/5,S 10:10 AM - 11:25 AM
PHRM101,1,NGST,2/5,T 10:10 AM - 11:25 AM
PHRM101,2,NGST,2/5,T 11:35 AM - 12:50 PM
PHRM101,2,NGST,2/5,S 11:35 AM - 12:50 PM
PHRM101,3,SUSMITA,7/7,S 01:00 PM - 02:15 PM
PHRM101,3,SUSMITA,7/7,T 01:00 PM - 02:15 PM
PHRM101-L,1,MNR,0/5,M 11:35 AM - 12:50 PM
PHRM101-L,2,FKH,0/5,M 01:00 PM - 02:15 PM
PHRM101-L,3,NN,0/5,M 10:10 AM - 11:25 AM
PHRM101-L,4,MNR,0/5,W 11:35 AM - 12:50 PM
PHRM101-L,5,ABIDA,0/5,W 01:00 PM - 02:15 PM
PHRM102,1,FR,2/3,S 01:00 PM - 02:15 PM
PHRM102,1,FR,2/3,T 01:00 PM - 02:15 PM
PHRM102,2,NN,3/3,S 10:10 AM - 11:25 AM
PHRM102,2,NN,3/3,T 10:10 AM - 11:25 AM
PHRM102,3,NN,5/5,S 11:35 AM - 12:50 PM
PHRM102,3,NN,5/5,T 11:35 AM - 12:50 PM
PHRM103,1,ZISLAM,2/5,M 10:10 AM - 11:25 AM
PHRM103,1,ZISLAM,2/5,W 10:10 AM - 11:25 AM
PHRM103,2,ZISLAM,2/5,M 11:35 AM - 12:50 PM
PHRM103,2,ZISLAM,2/5,W 11:35 AM - 12:50 PM
PHRM103,3,DEEA,2/5,M 01:00 PM - 02:15 PM
PHRM103,3,DEEA,2/5,W 01:00 PM - 02:15 PM
PHRM103-L,1,ZISLAM,0/5,S 11:35 AM - 12:50 PM
PHRM103-L,2,DEEA,0/5,S 01:00 PM - 02:15 PM
PHRM103-L,3,ZISLAM,0/5,S 10:10 AM - 11:25 AM
PHRM103-L,4,DEEA,0/5,T 11:35 AM - 12:50 PM
PHRM103-L,5,RG,0/5,T 01:00 PM - 02:15 PM
PHRM201,1,RG,0/0,S 11:35 AM - 12:50 PM
PHRM201,1,RG,0/0,W 11:35 AM - 12:50 PM
PHRM201,2,RG,1/1,S 01:00 PM - 02:15 PM
PHRM201,2,RG,1/1,W 01:00 PM - 02:15 PM
PHRM201,3,DSAI,3/3,S 02:25 PM - 03:40 PM
PHRM201,3,DSAI,3/3,W 02:25 PM - 03:40 PM
PHRM201-L,1,DSAI,0/0,S 01:00 PM - 02:15 PM
PHRM201-L,2,TBA,0/0,W 03:50 PM - 05:05 PM
PHRM201-L,3,DSAI,0/0,S 11:35 AM - 12:50 PM
PHRM201-L,4,JOYA,0/0,W 11:35 AM - 12:50 PM
PHRM201-L,6,TBA,0/0,W 02:25 PM - 03:40 PM
PHRM202,1,ANWAR,3/5,M 01:00 PM - 02:15 PM
PHRM202,1,ANWAR,3/5,W 01:00 PM - 02:15 PM
PHRM202,2,DARI,1/5,M 10:10 AM - 11:25 AM
PHRM202,2,DARI,1/5,W 10:10 AM - 11:25 AM
PHRM202,3,DARI,2/5,M 11:35 AM - 12:50 PM
PHRM202,3,DARI,2/5,W 11:35 AM - 12:50 PM
PHRM203,1,DSAI,0/0,M 10:10 AM - 11:25 AM
PHRM203,1,DSAI,0/0,W 10:10 AM - 11:25 AM
PHRM203,2,DSAI,0/0,M 11:35 AM - 12:50 PM
PHRM203,2,DSAI,0/0,W 11:35 AM - 12:50 PM
PHRM203,3,RIPA,1/1,M 01:00 PM - 02:15 PM
PHRM203,3,RIPA,1/1,W 01:00 PM - 02:15 PM
PHRM203-L,1,DSAI,0/0,S 10:10 AM - 11:25 AM
PHRM203-L,2,SUSMITA,0/0,S 11:35 AM - 12:50 PM
PHRM203-L,3,NN,0/0,S 01:00 PM - 02:15 PM
PHRM203-L,4,SUSMITA,0/0,S 02:25 PM - 03:40 PM
PHRM203-L,5,TBA,0/0,S 03:50 PM - 05:05 PM
PHRM204,1,JOYA,3/3,S 02:25 PM - 03:40 PM
PHRM204,1,JOYA,3/3,W 02:25 PM - 03:40 PM
PHRM205,1,NGST,1/2,M 11:35 AM - 12:50 PM
PHRM205,1,NGST,1/2,R 11:35 AM - 12:50 PM
PHRM205,2,RG,1/5,M 01:00 PM - 02:15 PM
PHRM205,2,RG,1/5,R 01:00 PM - 02:15 PM
PHRM205,3,RG,1/3,M 02:25 PM - 03:40 PM
PHRM205,3,RG,1/3,R 02:25 PM - 03:40 PM
PHRM205-L,2,FARUK,0/0,S 03:50 PM - 05:05 PM
PHRM205-L,3,SNR,0/0,M 11:35 AM - 12:50 PM
PHRM205-L,4,NN,0/0,R 11:35 AM - 12:50 PM
PHRM205-L,5,NGST,0/0,R 01:00 PM - 02:15 PM
PHRM205-L,6,ANIK,1/1,R 02:25 PM - 03:40 PM
PHRM206,1,ANWAR,0/0,T 11:35 AM - 12:50 PM
PHRM206,1,ANWAR,0/0,R 11:35 AM - 12:50 PM
PHRM206,3,ANWAR,2/3,M 03:50 PM - 05:05 PM
PHRM206,3,ANWAR,2/3,R 03:50 PM - 05:05 PM
PHRM206-L,1,ANWAR,1/1,M 02:25 PM - 03:40 PM
PHRM206-L,2,ABIDA,0/0,M 10:10 AM - 11:25 AM
PHRM206-L,3,FKH,0/0,T 01:00 PM - 02:15 PM
PHRM206-L,4,FKH,0/0,T 10:10 AM - 11:25 AM
PHRM206-L,5,NN,0/0,T 01:00 PM - 02:15 PM
PHRM207,1,NN,1/1,M 11:35 AM - 12:50 PM
PHRM207,1,NN,1/1,W 11:35 AM - 12:50 PM
PHRM207,2,ZISLAM,0/0,M 01:00 PM - 02:15 PM
PHRM207,2,ZISLAM,0/0,W 01:00 PM - 02:15 PM
PHRM207,3,NGST,0/0,M 10:10 AM - 11:25 AM
PHRM207,3,NGST,0/0,W 10:10 AM - 11:25 AM
PHRM207-L,1,KAST,0/0,S 10:10 AM - 11:25 AM
PHRM207-L,2,KAST,0/0,S 11:35 AM - 12:50 PM
PHRM207-L,3,JOYA,0/0,S 01:00 PM - 02:15 PM
PHRM207-L,4,NN,0/0,W 10:10 AM - 11:25 AM
PHRM207-L,5,NGST,0/0,W 11:35 AM - 12:50 PM
PHRM208,1,JOYA,0/1,T 10:10 AM - 11:25 AM
PHRM208,1,JOYA,0/1,R 10:10 AM - 11:25 AM
PHRM208,2,JOYA,0/2,T 11:35 AM - 12:50 PM
PHRM208,2,JOYA,0/2,R 11:35 AM - 12:50 PM
PHRM208,3,DRJA,0/0,T 01:00 PM - 02:15 PM
PHRM208,3,DRJA,0/0,R 01:00 PM - 02:15 PM
PHRM208-L,1,DRJA,0/0,M 10:10 AM - 11:25 AM
PHRM208-L,2,DRJA,0/0,M 11:35 AM - 12:50 PM
PHRM208-L,3,DRJA,0/0,M 01:00 PM - 02:15 PM
PHRM208-L,4,NZH,0/0,W 03:50 PM - 05:05 PM
PHRM208-L,6,NGST,0/0,W 01:00 PM - 02:15 PM
PHRM209,1,RIPA,0/0,T 08:45 AM - 10:00 AM
PHRM209,1,RIPA,0/0,R 08:45 AM - 10:00 AM
PHRM209,2,JOYA,2/2,R 08:45 AM - 10:00 AM
PHRM209,2,JOYA,2/2,M 11:35 AM - 12:50 PM
PHRM209,3,TBA,0/0,S 08:45 AM - 10:00 AM
PHRM209,3,TBA,0/0,R 08:45 AM - 10:00 AM
PHRM210,1,NZH,0/1,T 11:35 AM - 12:50 PM
PHRM210,1,NZH,0/1,R 11:35 AM - 12:50 PM
PHRM210,2,DEEA,0/1,T 01:00 PM - 02:15 PM
PHRM210,2,DEEA,0/1,R 01:00 PM - 02:15 PM
PHRM210,3,ZISLAM,0/0,T 08:45 AM - 10:00 AM
PHRM210,3,ZISLAM,0/0,S 02:25 PM - 03:40 PM
PHRM210-L,1,DEEA,0/0,T 10:10 AM - 11:25 AM
PHRM210-L,2,NGST,0/0,T 01:00 PM - 02:15 PM
PHRM210-L,4,NGST,0/0,R 10:10 AM - 11:25 AM
PHRM210-L,5,NZH,0/0,R 01:00 PM - 02:15 PM
PHRM210-L,6,NZH,0/0,R 02:25 PM - 03:40 PM
PHRM211,1,RIPA,2/2,M 02:25 PM - 03:40 PM
PHRM211,1,RIPA,2/2,R 02:25 PM - 03:40 PM
PHRM211,2,RIPA,2/2,M 11:35 AM - 12:50 PM
PHRM211,2,RIPA,2/2,R 11:35 AM - 12:50 PM
PHRM211,3,SUSMITA,0/0,M 01:00 PM - 02:15 PM
PHRM211,3,SUSMITA,0/0,R 01:00 PM - 02:15 PM
PHRM301,1,DRJA,2/2,S 10:10 AM - 11:25 AM
PHRM301,1,DRJA,2/2,W 10:10 AM - 11:25 AM
PHRM301,3,DRJA,1/1,S 01:00 PM - 02:15 PM
PHRM301,3,DRJA,1/1,W 01:00 PM - 02:15 PM
PHRM302,1,ANIK,0/0,M 01:00 PM - 02:15 PM
PHRM302,1,ANIK,0/0,R 01:00 PM - 02:15 PM
PHRM302,3,TBA,0/0,M 10:10 AM - 11:25 AM
PHRM302,3,TBA,0/0,R 10:10 AM - 11:25 AM
PHRM303,1,DEEA,1/1,S 11:35 AM - 12:50 PM
PHRM303,1,DEEA,1/1,W 11:35 AM - 12:50 PM
PHRM303,2,TBA,4/4,S 02:25 PM - 03:40 PM
PHRM303,2,TBA,4/4,W 02:25 PM - 03:40 PM
PHRM303,3,DEEA,1/1,S 10:10 AM - 11:25 AM
PHRM303,3,DEEA,1/1,W 10:10 AM - 11:25 AM
PHRM304,1,FKH,3/3,T 08:45 AM - 10:00 AM
PHRM304,1,FKH,3/3,R 08:45 AM - 10:00 AM
PHRM304,3,FKH,5/5,S 11:35 AM - 12:50 PM
PHRM304,3,FKH,5/5,T 11:35 AM - 12:50 PM
PHRM304-L,1,MNR,2/2,R 11:35 AM - 12:50 PM
PHRM304-L,2,FARUK,1/1,R 01:00 PM - 02:15 PM
PHRM304-L,3,NN,0/0,R 10:10 AM - 11:25 AM
PHRM304-L,4,RG,0/0,M 10:10 AM - 11:25 AM
PHRM305,1,ANWAR,0/0,S 01:00 PM - 02:15 PM
PHRM305,1,ANWAR,0/0,T 01:00 PM - 02:15 PM
PHRM305,2,FARUK,1/1,S 02:25 PM - 03:40 PM
PHRM305,2,FARUK,1/1,R 02:25 PM - 03:40 PM
PHRM305,3,FARUK,1/1,S 11:35 AM - 12:50 PM
PHRM305,3,FARUK,1/1,W 11:35 AM - 12:50 PM
PHRM305-L,1,DARI,0/0,S 10:10 AM - 11:25 AM
PHRM305-L,2,TBA,0/0,T 03:50 PM - 05:05 PM
PHRM305-L,3,DARI,0/0,T 10:10 AM - 11:25 AM
PHRM305-L,4,RG,0/0,T 11:35 AM - 12:50 PM
PHRM306,1,MNR,1/1,S 02:25 PM - 03:40 PM
PHRM306,1,MNR,1/1,R 02:25 PM - 03:40 PM
PHRM306,2,NZH,2/2,S 01:00 PM - 02:15 PM
PHRM306,2,NZH,2/2,T 01:00 PM - 02:15 PM
PHRM306,3,MNR,0/0,M 10:10 AM - 11:25 AM
PHRM306,3,MNR,0/0,R 10:10 AM - 11:25 AM
PHRM306-L,1,TBA,0/1,S 10:10 AM - 11:25 AM
PHRM306-L,2,TBA,0/0,S 11:35 AM - 12:50 PM
PHRM306-L,3,TBA,2/2,T 02:25 PM - 03:40 PM
PHRM306-L,4,ZISLAM,0/0,T 11:35 AM - 12:50 PM
PHRM307,2,TBA,0/0,M 03:50 PM - 05:05 PM
PHRM307,2,TBA,0/0,W 03:50 PM - 05:05 PM
PHRM307,3,JOYA,0/0,M 08:45 AM - 10:00 AM
PHRM307,3,JOYA,0/0,W 10:10 AM - 11:25 AM
PHRM308,1,KAST,0/0,M 03:50 PM - 05:05 PM
PHRM308,1,KAST,0/0,W 03:50 PM - 05:05 PM
PHRM308,2,KAST,0/0,M 02:25 PM - 03:40 PM
PHRM308,2,KAST,0/0,W 02:25 PM - 03:40 PM
PHRM308,3,RG,0/0,S 08:45 AM - 10:00 AM
PHRM308,3,RG,0/0,W 08:45 AM - 10:00 AM
PHRM308-L,2,FARUK,0/0,M 01:00 PM - 02:15 PM
PHRM308-L,3,SUSMITA,1/1,W 11:35 AM - 12:50 PM
PHRM308-L,4,FARUK,0/0,W 01:00 PM - 02:15 PM
PHRM308-L,6,NGST,0/0,T 08:45 AM - 10:00 AM
PHRM309,1,ABIDA,0/0,M 11:35 AM - 12:50 PM
PHRM309,1,ABIDA,0/0,R 11:35 AM - 12:50 PM
PHRM309,2,RIPA,0/0,S 03:50 PM - 05:05 PM
PHRM309,2,RIPA,0/0,R 03:50 PM - 05:05 PM
PHRM309,3,ABIDA,0/0,T 10:10 AM - 11:25 AM
PHRM309,3,ABIDA,0/0,R 01:00 PM - 02:15 PM
PHRM309-L,1,DSAI,0/0,R 10:10 AM - 11:25 AM
PHRM309-L,2,DSAI,0/0,R 01:00 PM - 02:15 PM
PHRM309-L,3,FR,0/0,W 01:00 PM - 02:15 PM
PHRM309-L,4,RIPA,1/1,W 10:10 AM - 11:25 AM
PHRM310,1,FKH,0/0,R 11:35 AM - 12:50 PM
PHRM310,1,FKH,0/0,M 02:25 PM - 03:40 PM
PHRM310,2,FKH,6/6,M 10:10 AM - 11:25 AM
PHRM310,2,FKH,6/6,R 10:10 AM - 11:25 AM
PHRM311,1,DEEA,0/0,S 03:50 PM - 05:05 PM
PHRM311,1,DEEA,0/0,R 03:50 PM - 05:05 PM
PHRM311,2,TBA,3/3,T 08:45 AM - 10:00 AM
PHRM311,2,TBA,3/3,R 08:45 AM - 10:00 AM
PHRM312,1,NZH,3/3,S 02:25 PM - 03:40 PM
PHRM312,1,NZH,3/3,W 02:25 PM - 03:40 PM
PHRM312,2,TBA,0/0,S 03:50 PM - 05:05 PM
PHRM312,2,TBA,0/0,R 03:50 PM - 05:05 PM
PHRM312,3,ZISLAM,1/1,S 03:50 PM - 05:05 PM
PHRM312,3,ZISLAM,1/1,W 03:50 PM - 05:05 PM
PHRM401,1,MNR,1/2,W 02:25 PM - 03:40 PM
PHRM401,1,MNR,1/2,S 03:50 PM - 05:05 PM
PHRM401,2,TBA,1/2,W 02:25 PM - 03:40 PM
PHRM401,2,TBA,1/2,S 03:50 PM - 05:05 PM
PHRM402,1,SUSMITA,2/3,R 10:10 AM - 11:25 AM
PHRM402,1,SUSMITA,2/3,M 03:50 PM - 05:05 PM
PHRM402,2,SUSMITA,1/1,M 02:25 PM - 03:40 PM
PHRM402,2,SUSMITA,1/1,R 03:50 PM - 05:05 PM
PHRM402-L,1,ABIDA,1/1,W 10:10 AM - 11:25 AM
PHRM402-L,2,ABIDA,0/0,W 11:35 AM - 12:50 PM
PHRM402-L,3,ANIK,0/0,R 11:35 AM - 12:50 PM
PHRM402-L,4,FARUK,0/0,M 11:35 AM - 12:50 PM
PHRM403,1,SNR,4/6,M 10:10 AM - 11:25 AM
PHRM403,1,SNR,4/6,W 03:50 PM - 05:05 PM
PHRM403,2,ABIDA,4/5,M 08:45 AM - 10:00 AM
PHRM403,2,ABIDA,4/5,R 03:50 PM - 05:05 PM
PHRM403,3,ABIDA,4/10,M 02:25 PM - 03:40 PM
PHRM403,3,ABIDA,4/10,W 03:50 PM - 05:05 PM
PHRM404,1,TBA,3/3,F 09:00 AM - 01:00 PM
PHRM405,1,SNR,5/5,S 08:45 AM - 10:00 AM
PHRM405,1,SNR,5/5,T 08:45 AM - 10:00 AM
PHRM405,2,SNR,4/5,T 10:10 AM - 11:25 AM
PHRM405,2,SNR,4/5,R 10:10 AM - 11:25 AM
PHRM405,3,TBA,6/10,S 10:10 AM - 11:25 AM
PHRM405,3,TBA,6/10,T 02:25 PM - 03:40 PM
PHRM406,2,SUSMITA,5/5,S 10:10 AM - 11:25 AM
PHRM406,2,SUSMITA,5/5,T 10:10 AM - 11:25 AM
PHRM406-L,1,FARUK,2/2,T 11:35 AM - 12:50 PM
PHRM406-L,2,ANIK,3/3,T 10:10 AM - 11:25 AM
PHRM406-L,3,TBA,3/3,S 11:35 AM - 12:50 PM
PHRM406-L,4,RIPA,0/0,S 01:00 PM - 02:15 PM
PHRM407,1,FARUK,3/3,M 03:50 PM - 05:05 PM
PHRM407,1,FARUK,3/3,W 03:50 PM - 05:05 PM
PHRM407,2,FARUK,0/1,MW 08:45 AM - 10:00 AM
PHRM409,1,DCFH,4/5,S 11:35 AM - 12:50 PM
PHRM409,1,DCFH,4/5,T 11:35 AM - 12:50 PM
PHRM409,2,DCFH,6/6,S 10:10 AM - 11:25 AM
PHRM409,2,DCFH,6/6,T 10:10 AM - 11:25 AM
PHRM409,3,DCFH,14/14,S 05:15 PM - 06:30 PM
PHRM409,3,DCFH,14/14,T 05:15 PM - 06:30 PM
PHRM409-L,1,TBA,6/6,T 11:35 AM - 12:50 PM
PHRM409-L,2,TBA,7/7,R 11:35 AM - 12:50 PM
PHRM409-L,3,DCFH,6/6,S 02:25 PM - 03:40 PM
PHRM409-L,4,TBA,5/5,R 10:10 AM - 11:25 AM
PHRM410,1,DRKD,0/0,S 02:25 PM - 03:40 PM
PHRM410,1,DRKD,0/0,T 02:25 PM - 03:40 PM
PHRM410,2,DRKD,7/7,S 03:50 PM - 05:05 PM
PHRM410,2,DRKD,7/7,T 03:50 PM - 05:05 PM
PHRM410,3,TBA,13/13,S 05:15 PM - 06:30 PM
PHRM410,3,TBA,13/13,T 05:15 PM - 06:30 PM
PHRM411,1,FR,3/3,W 08:45 AM - 10:00 AM
PHRM411,1,FR,3/3,M 03:50 PM - 05:05 PM
PHRM411,2,FR,3/3,S 10:10 AM - 11:25 AM
PHRM411,2,FR,3/3,W 10:10 AM - 11:25 AM
PHRM411,3,TBA,0/0,MW 08:45 AM - 10:00 AM
PHRM412,1,KAST,7/7,S 01:00 PM - 02:15 PM
PHRM412,1,KAST,7/7,T 01:00 PM - 02:15 PM
PHRM412,2,KAST,5/5,S 08:45 AM - 10:00 AM
PHRM412,2,KAST,5/5,T 08:45 AM - 10:00 AM
PHRM412,3,ANIK,16/16,S 08:45 AM - 10:00 AM
PHRM412,3,ANIK,16/16,T 08:45 AM - 10:00 AM
PHRM413,1,MNR,5/5,MW 08:45 AM - 10:00 AM
PHRM413,2,NN,6/6,MW 08:45 AM - 10:00 AM
PHRM413,3,MNR,10/10,M 01:00 PM - 02:15 PM
PHRM413,3,MNR,10/10,W 01:00 PM - 02:15 PM
PHRM413-L,1,JOYA,4/4,M 10:10 AM - 11:25 AM
PHRM413-L,2,DSAI,5/5,M 01:00 PM - 02:15 PM
PHRM413-L,3,KAST,3/3,T 10:10 AM - 11:25 AM
PHRM413-L,4,RIPA,5/5,T 01:00 PM - 02:15 PM
PHRM414,1,ANIK,5/5,MW 03:50 PM - 05:05 PM
PHRM414,2,ANIK,6/6,MR 08:45 AM - 10:00 AM
PHRM414,5,TBA,11/11,R 02:25 PM - 03:40 PM
PHRM414,5,TBA,11/11,T 03:50 PM - 05:05 PM
PHRM7101,1,NGST,40/40,S 10:10 AM - 11:25 AM
PHRM7101,1,NGST,40/40,T 10:10 AM - 11:25 AM
PHRM7101,2,NGST,39/39,S 11:35 AM - 12:50 PM
PHRM7101,2,NGST,39/39,T 11:35 AM - 12:50 PM
PHRM7101,3,SUSMITA,29/29,S 01:00 PM - 02:15 PM
PHRM7101,3,SUSMITA,29/29,T 01:00 PM - 02:15 PM
PHRM7101-L,1,MNR,18/20,M 11:35 AM - 12:50 PM
PHRM7101-L,2,FKH,19/20,M 01:00 PM - 02:15 PM
PHRM7101-L,3,NN,26/26,M 10:10 AM - 11:25 AM
PHRM7101-L,4,MNR,20/20,W 11:35 AM - 12:50 PM
PHRM7101-L,5,ABIDA,19/20,W 01:00 PM - 02:15 PM
PHRM7102,1,FR,38/38,S 01:00 PM - 02:15 PM
PHRM7102,1,FR,38/38,T 01:00 PM - 02:15 PM
PHRM7102,2,NN,40/40,S 10:10 AM - 11:25 AM
PHRM7102,2,NN,40/40,T 10:10 AM - 11:25 AM
PHRM7102,3,NN,33/35,S 11:35 AM - 12:50 PM
PHRM7102,3,NN,33/35,T 11:35 AM - 12:50 PM
PHRM7103,1,ZISLAM,39/39,M 10:10 AM - 11:25 AM
PHRM7103,1,ZISLAM,39/39,W 10:10 AM - 11:25 AM
PHRM7103,2,ZISLAM,29/35,M 11:35 AM - 12:50 PM
PHRM7103,2,ZISLAM,29/35,W 11:35 AM - 12:50 PM
PHRM7103,3,DEEA,38/38,M 01:00 PM - 02:15 PM
PHRM7103,3,DEEA,38/38,W 01:00 PM - 02:15 PM
PHRM7103-L,1,ZISLAM,19/20,S 11:35 AM - 12:50 PM
PHRM7103-L,2,DEEA,18/20,S 01:00 PM - 02:15 PM
PHRM7103-L,3,ZISLAM,26/26,S 10:10 AM - 11:25 AM
PHRM7103-L,4,DEEA,20/21,T 11:35 AM - 12:50 PM
PHRM7103-L,5,RG,20/20,T 01:00 PM - 02:15 PM
PHRM7104,1,ANWAR,27/35,M 01:00 PM - 02:15 PM
PHRM7104,1,ANWAR,27/35,W 01:00 PM - 02:15 PM
PHRM7104,2,DARI,39/39,M 10:10 AM - 11:25 AM
PHRM7104,2,DARI,39/39,W 10:10 AM - 11:25 AM
PHRM7104,3,DARI,38/38,M 11:35 AM - 12:50 PM
PHRM7104,3,DARI,38/38,W 11:35 AM - 12:50 PM
PHRM7201,1,RG,35/40,S 11:35 AM - 12:50 PM
PHRM7201,1,RG,35/40,W 11:35 AM - 12:50 PM
PHRM7201,2,RG,34/40,S 01:00 PM - 02:15 PM
PHRM7201,2,RG,34/40,W 01:00 PM - 02:15 PM
PHRM7201,3,DSAI,21/38,S 02:25 PM - 03:40 PM
PHRM7201,3,DSAI,21/38,W 02:25 PM - 03:40 PM
PHRM7201-L,1,DSAI,19/20,S 01:00 PM - 02:15 PM
PHRM7201-L,2,TBA,19/22,W 03:50 PM - 05:05 PM
PHRM7201-L,3,DSAI,19/20,S 11:35 AM - 12:50 PM
PHRM7201-L,4,JOYA,10/20,W 11:35 AM - 12:50 PM
PHRM7201-L,6,TBA,20/22,W 02:25 PM - 03:40 PM
PHRM7202,1,JOYA,38/38,S 02:25 PM - 03:40 PM
PHRM7202,1,JOYA,38/38,W 02:25 PM - 03:40 PM
PHRM7203,1,NGST,34/38,M 11:35 AM - 12:50 PM
PHRM7203,1,NGST,34/38,R 11:35 AM - 12:50 PM
PHRM7203,2,RG,36/36,M 01:00 PM - 02:15 PM
PHRM7203,2,RG,36/36,R 01:00 PM - 02:15 PM
PHRM7203,3,RG,25/38,M 02:25 PM - 03:40 PM
PHRM7203,3,RG,25/38,R 02:25 PM - 03:40 PM
PHRM7203-L,2,FARUK,19/20,S 03:50 PM - 05:05 PM
PHRM7203-L,3,SNR,20/20,M 11:35 AM - 12:50 PM
PHRM7203-L,4,NN,12/20,R 11:35 AM - 12:50 PM
PHRM7203-L,5,NGST,20/20,R 01:00 PM - 02:15 PM
PHRM7203-L,6,ANIK,20/20,R 02:25 PM - 03:40 PM
PHRM7204,1,RIPA,39/39,M 02:25 PM - 03:40 PM
PHRM7204,1,RIPA,39/39,R 02:25 PM - 03:40 PM
PHRM7204,2,RIPA,25/39,M 11:35 AM - 12:50 PM
PHRM7204,2,RIPA,25/39,R 11:35 AM - 12:50 PM
PHRM7204,3,SUSMITA,34/40,M 01:00 PM - 02:15 PM
PHRM7204,3,SUSMITA,34/40,R 01:00 PM - 02:15 PM
PHRM7209,1,ABIDA,46/47,T 01:00 PM - 02:15 PM
PHRM7209,4,DARI,45/46,T 11:35 AM - 12:50 PM
PHRM7301,1,DSAI,37/39,M 10:10 AM - 11:25 AM
PHRM7301,1,DSAI,37/39,W 10:10 AM - 11:25 AM
PHRM7301,2,DSAI,36/40,M 11:35 AM - 12:50 PM
PHRM7301,2,DSAI,36/40,W 11:35 AM - 12:50 PM
PHRM7301,3,RIPA,21/39,M 01:00 PM - 02:15 PM
PHRM7301,3,RIPA,21/39,W 01:00 PM - 02:15 PM
PHRM7301-L,1,DSAI,20/20,S 10:10 AM - 11:25 AM
PHRM7301-L,2,SUSMITA,20/20,S 11:35 AM - 12:50 PM
PHRM7301-L,3,NN,20/20,S 01:00 PM - 02:15 PM
PHRM7301-L,4,SUSMITA,20/20,S 02:25 PM - 03:40 PM
PHRM7301-L,5,TBA,12/20,S 03:50 PM - 05:05 PM
PHRM7302,1,NN,37/39,M 11:35 AM - 12:50 PM
PHRM7302,1,NN,37/39,W 11:35 AM - 12:50 PM
PHRM7302,2,ZISLAM,33/40,M 01:00 PM - 02:15 PM
PHRM7302,2,ZISLAM,33/40,W 01:00 PM - 02:15 PM
PHRM7302,3,NGST,20/40,M 10:10 AM - 11:25 AM
PHRM7302,3,NGST,20/40,W 10:10 AM - 11:25 AM
PHRM7302-L,1,KAST,19/20,S 10:10 AM - 11:25 AM
PHRM7302-L,2,KAST,21/21,S 11:35 AM - 12:50 PM
PHRM7302-L,3,JOYA,20/20,S 01:00 PM - 02:15 PM
PHRM7302-L,4,NN,16/20,W 10:10 AM - 11:25 AM
PHRM7302-L,5,NGST,15/20,W 11:35 AM - 12:50 PM
PHRM7303,1,JOYA,39/39,T 10:10 AM - 11:25 AM
PHRM7303,1,JOYA,39/39,R 10:10 AM - 11:25 AM
PHRM7303,2,JOYA,35/39,T 11:35 AM - 12:50 PM
PHRM7303,2,JOYA,35/39,R 11:35 AM - 12:50 PM
PHRM7303,3,DRJA,21/40,T 01:00 PM - 02:15 PM
PHRM7303,3,DRJA,21/40,R 01:00 PM - 02:15 PM
PHRM7303-L,1,DRJA,20/20,M 10:10 AM - 11:25 AM
PHRM7303-L,2,DRJA,20/20,M 11:35 AM - 12:50 PM
PHRM7303-L,3,DRJA,18/20,M 01:00 PM - 02:15 PM
PHRM7303-L,4,NZH,17/20,W 03:50 PM - 05:05 PM
PHRM7303-L,6,NGST,20/20,W 01:00 PM - 02:15 PM
PHRM7304,1,NZH,39/39,T 11:35 AM - 12:50 PM
PHRM7304,1,NZH,39/39,R 11:35 AM - 12:50 PM
PHRM7304,2,DEEA,36/39,T 01:00 PM - 02:15 PM
PHRM7304,2,DEEA,36/39,R 01:00 PM - 02:15 PM
PHRM7304,3,ZISLAM,22/40,T 08:45 AM - 10:00 AM
PHRM7304,3,ZISLAM,22/40,S 02:25 PM - 03:40 PM
PHRM7304-L,1,DEEA,19/20,T 10:10 AM - 11:25 AM
PHRM7304-L,2,NGST,20/20,T 01:00 PM - 02:15 PM
PHRM7304-L,4,NGST,20/20,R 10:10 AM - 11:25 AM
PHRM7304-L,5,NZH,20/20,R 01:00 PM - 02:15 PM
PHRM7304-L,6,NZH,16/20,R 02:25 PM - 03:40 PM
PHRM7401,1,ANWAR,44/44,T 11:35 AM - 12:50 PM
PHRM7401,1,ANWAR,44/44,R 11:35 AM - 12:50 PM
PHRM7401,3,ANWAR,37/40,M 03:50 PM - 05:05 PM
PHRM7401,3,ANWAR,37/40,R 03:50 PM - 05:05 PM
PHRM7401-L,1,ANWAR,16/16,M 02:25 PM - 03:40 PM
PHRM7401-L,2,ABIDA,10/20,M 10:10 AM - 11:25 AM
PHRM7401-L,3,FKH,20/20,T 01:00 PM - 02:15 PM
PHRM7401-L,4,FKH,14/14,T 10:10 AM - 11:25 AM
PHRM7401-L,5,NN,20/20,T 01:00 PM - 02:15 PM
PHRM7402,1,DRJA,39/40,S 10:10 AM - 11:25 AM
PHRM7402,1,DRJA,39/40,W 10:10 AM - 11:25 AM
PHRM7402,3,DRJA,41/42,S 01:00 PM - 02:15 PM
PHRM7402,3,DRJA,41/42,W 01:00 PM - 02:15 PM
PHRM7403,1,ANIK,43/43,M 01:00 PM - 02:15 PM
PHRM7403,1,ANIK,43/43,R 01:00 PM - 02:15 PM
PHRM7403,3,TBA,40/43,M 10:10 AM - 11:25 AM
PHRM7403,3,TBA,40/43,R 10:10 AM - 11:25 AM
PHRM7404,1,DEEA,29/39,S 11:35 AM - 12:50 PM
PHRM7404,1,DEEA,29/39,W 11:35 AM - 12:50 PM
PHRM7404,2,TBA,23/37,S 02:25 PM - 03:40 PM
PHRM7404,2,TBA,23/37,W 02:25 PM - 03:40 PM
PHRM7404,3,DEEA,34/39,S 10:10 AM - 11:25 AM
PHRM7404,3,DEEA,34/39,W 10:10 AM - 11:25 AM
PHRM7405,1,RIPA,40/40,T 08:45 AM - 10:00 AM
PHRM7405,1,RIPA,40/40,R 08:45 AM - 10:00 AM
PHRM7405,2,JOYA,38/38,M 11:35 AM - 12:50 PM
PHRM7405,2,JOYA,38/38,R 08:45 AM - 10:00 AM
PHRM7405,3,TBA,0/0,S 08:45 AM - 10:00 AM
PHRM7405,3,TBA,0/0,R 08:45 AM - 10:00 AM
PHRM7409,1,ANIK,41/45,S 03:50 PM - 05:05 PM
PHRM7409,2,TBA,40/45,W 03:50 PM - 05:05 PM
PHRM7501,1,ANWAR,35/40,S 01:00 PM - 02:15 PM
PHRM7501,1,ANWAR,35/40,T 01:00 PM - 02:15 PM
PHRM7501,2,FARUK,25/40,S 02:25 PM - 03:40 PM
PHRM7501,2,FARUK,25/40,R 02:25 PM - 03:40 PM
PHRM7501,3,FARUK,32/40,S 11:35 AM - 12:50 PM
PHRM7501,3,FARUK,32/40,W 11:35 AM - 12:50 PM
PHRM7501-L,1,DARI,26/26,S 10:10 AM - 11:25 AM
PHRM7501-L,2,TBA,24/25,T 03:50 PM - 05:05 PM
PHRM7501-L,3,DARI,19/22,T 10:10 AM - 11:25 AM
PHRM7501-L,4,RG,25/25,T 11:35 AM - 12:50 PM
PHRM7502,1,MNR,37/40,S 02:25 PM - 03:40 PM
PHRM7502,1,MNR,37/40,R 02:25 PM - 03:40 PM
PHRM7502,2,NZH,26/40,S 01:00 PM - 02:15 PM
PHRM7502,2,NZH,26/40,T 01:00 PM - 02:15 PM
PHRM7502,3,MNR,30/30,M 10:10 AM - 11:25 AM
PHRM7502,3,MNR,30/30,R 10:10 AM - 11:25 AM
PHRM7502-L,1,TBA,23/23,S 10:10 AM - 11:25 AM
PHRM7502-L,2,TBA,20/26,S 11:35 AM - 12:50 PM
PHRM7502-L,3,TBA,23/23,T 02:25 PM - 03:40 PM
PHRM7502-L,4,ZISLAM,23/23,T 11:35 AM - 12:50 PM
PHRM7503,2,TBA,28/40,M 03:50 PM - 05:05 PM
PHRM7503,2,TBA,28/40,W 03:50 PM - 05:05 PM
PHRM7503,3,JOYA,33/40,M 08:45 AM - 10:00 AM
PHRM7503,3,JOYA,33/40,W 10:10 AM - 11:25 AM
PHRM7504,1,KAST,30/40,M 03:50 PM - 05:05 PM
PHRM7504,1,KAST,30/40,W 03:50 PM - 05:05 PM
PHRM7504,2,KAST,33/40,M 02:25 PM - 03:40 PM
PHRM7504,2,KAST,33/40,W 02:25 PM - 03:40 PM
PHRM7504,3,RG,28/40,S 08:45 AM - 10:00 AM
PHRM7504,3,RG,28/40,W 08:45 AM - 10:00 AM
PHRM7504-L,2,FARUK,23/23,M 01:00 PM - 02:15 PM
PHRM7504-L,3,SUSMITA,24/24,W 11:35 AM - 12:50 PM
PHRM7504-L,4,FARUK,22/22,W 01:00 PM - 02:15 PM
PHRM7504-L,6,NGST,21/25,T 08:45 AM - 10:00 AM
PHRM7505,1,ABIDA,31/40,M 11:35 AM - 12:50 PM
PHRM7505,1,ABIDA,31/40,R 11:35 AM - 12:50 PM
PHRM7505,2,RIPA,33/40,S 03:50 PM - 05:05 PM
PHRM7505,2,RIPA,33/40,R 03:50 PM - 05:05 PM
PHRM7505,3,ABIDA,29/40,T 10:10 AM - 11:25 AM
PHRM7505,3,ABIDA,29/40,R 01:00 PM - 02:15 PM
PHRM7505-L,1,DSAI,23/23,R 10:10 AM - 11:25 AM
PHRM7505-L,2,DSAI,24/24,R 01:00 PM - 02:15 PM
PHRM7505-L,3,FR,25/26,W 01:00 PM - 02:15 PM
PHRM7505-L,4,RIPA,19/24,W 10:10 AM - 11:25 AM
PHRM7601,1,FKH,38/41,T 08:45 AM - 10:00 AM
PHRM7601,1,FKH,38/41,R 08:45 AM - 10:00 AM
PHRM7601,3,FKH,44/45,S 11:35 AM - 12:50 PM
PHRM7601,3,FKH,44/45,T 11:35 AM - 12:50 PM
PHRM7601-L,1,MNR,23/23,R 11:35 AM - 12:50 PM
PHRM7601-L,2,FARUK,21/21,R 01:00 PM - 02:15 PM
PHRM7601-L,3,NN,16/20,R 10:10 AM - 11:25 AM
PHRM7601-L,4,RG,20/20,M 10:10 AM - 11:25 AM
PHRM7602,2,SUSMITA,44/44,S 10:10 AM - 11:25 AM
PHRM7602,2,SUSMITA,44/44,T 10:10 AM - 11:25 AM
PHRM7602-L,1,FARUK,14/20,T 11:35 AM - 12:50 PM
PHRM7602-L,2,ANIK,22/23,T 10:10 AM - 11:25 AM
PHRM7602-L,3,TBA,21/22,S 11:35 AM - 12:50 PM
PHRM7602-L,4,RIPA,25/26,S 01:00 PM - 02:15 PM
PHRM7603,1,NZH,40/43,S 02:25 PM - 03:40 PM
PHRM7603,1,NZH,40/43,W 02:25 PM - 03:40 PM
PHRM7603,2,TBA,0/0,S 03:50 PM - 05:05 PM
PHRM7603,2,TBA,0/0,R 03:50 PM - 05:05 PM
PHRM7603,3,ZISLAM,41/42,S 03:50 PM - 05:05 PM
PHRM7603,3,ZISLAM,41/42,W 03:50 PM - 05:05 PM
PHRM7604,1,SUSMITA,42/42,R 10:10 AM - 11:25 AM
PHRM7604,1,SUSMITA,42/42,M 03:50 PM - 05:05 PM
PHRM7604,2,SUSMITA,41/42,M 02:25 PM - 03:40 PM
PHRM7604,2,SUSMITA,41/42,R 03:50 PM - 05:05 PM
PHRM7604-L,1,ABIDA,21/21,W 10:10 AM - 11:25 AM
PHRM7604-L,2,ABIDA,21/21,W 11:35 AM - 12:50 PM
PHRM7604-L,3,ANIK,19/20,R 11:35 AM - 12:50 PM
PHRM7604-L,4,FARUK,21/21,M 11:35 AM - 12:50 PM
PHRM7605,1,MNR,31/35,MW 08:45 AM - 10:00 AM
PHRM7605,2,NN,27/35,MW 08:45 AM - 10:00 AM
PHRM7605,3,MNR,28/30,M 01:00 PM - 02:15 PM
PHRM7605,3,MNR,28/30,W 01:00 PM - 02:15 PM
PHRM7605-L,1,JOYA,24/24,M 10:10 AM - 11:25 AM
PHRM7605-L,2,DSAI,23/23,M 01:00 PM - 02:15 PM
PHRM7605-L,3,KAST,12/20,T 10:10 AM - 11:25 AM
PHRM7605-L,4,RIPA,24/24,T 01:00 PM - 02:15 PM
PHRM7609,1,KAST,42/45,R 02:25 PM - 03:40 PM
PHRM7701,1,SNR,27/35,M 10:10 AM - 11:25 AM
PHRM7701,1,SNR,27/35,W 03:50 PM - 05:05 PM
PHRM7701,2,ABIDA,28/35,M 08:45 AM - 10:00 AM
PHRM7701,2,ABIDA,28/35,R 03:50 PM - 05:05 PM
PHRM7701,3,ABIDA,26/30,M 02:25 PM - 03:40 PM
PHRM7701,3,ABIDA,26/30,W 03:50 PM - 05:05 PM
PHRM7702,1,SNR,32/35,S 08:45 AM - 10:00 AM
PHRM7702,1,SNR,32/35,T 08:45 AM - 10:00 AM
PHRM7702,2,SNR,32/35,T 10:10 AM - 11:25 AM
PHRM7702,2,SNR,32/35,R 10:10 AM - 11:25 AM
PHRM7702,3,TBA,19/30,T 02:25 PM - 03:40 PM
PHRM7702,3,TBA,19/30,S 10:10 AM - 11:25 AM
PHRM7703,1,DEEA,41/41,S 03:50 PM - 05:05 PM
PHRM7703,1,DEEA,41/41,R 03:50 PM - 05:05 PM
PHRM7703,2,TBA,42/42,T 08:45 AM - 10:00 AM
PHRM7703,2,TBA,42/42,R 08:45 AM - 10:00 AM
PHRM7704,1,TBA,83/100,F 09:00 AM - 01:00 PM
PHRM7705,1,FR,38/40,W 08:45 AM - 10:00 AM
PHRM7705,1,FR,38/40,M 03:50 PM - 05:05 PM
PHRM7705,2,FR,40/40,S 10:10 AM - 11:25 AM
PHRM7705,2,FR,40/40,W 10:10 AM - 11:25 AM
PHRM7705,3,TBA,0/0,MW 08:45 AM - 10:00 AM
PHRM7706,1,DRKD,36/40,S 02:25 PM - 03:40 PM
PHRM7706,1,DRKD,36/40,T 02:25 PM - 03:40 PM
PHRM7706,2,DRKD,29/36,S 03:50 PM - 05:05 PM
PHRM7706,2,DRKD,29/36,T 03:50 PM - 05:05 PM
PHRM7706,3,TBA,15/30,S 05:15 PM - 06:30 PM
PHRM7706,3,TBA,15/30,T 05:15 PM - 06:30 PM
PHRM7801,1,DCFH,35/35,S 11:35 AM - 12:50 PM
PHRM7801,1,DCFH,35/35,T 11:35 AM - 12:50 PM
PHRM7801,2,DCFH,35/35,S 10:10 AM - 11:25 AM
PHRM7801,2,DCFH,35/35,T 10:10 AM - 11:25 AM
PHRM7801,3,DCFH,7/28,S 05:15 PM - 06:30 PM
PHRM7801,3,DCFH,7/28,T 05:15 PM - 06:30 PM
PHRM7801-L,1,TBA,16/20,T 11:35 AM - 12:50 PM
PHRM7801-L,2,TBA,19/20,R 11:35 AM - 12:50 PM
PHRM7801-L,3,DCFH,20/20,S 02:25 PM - 03:40 PM
PHRM7801-L,4,TBA,20/22,R 10:10 AM - 11:25 AM
PHRM7802,1,FARUK,38/38,M 03:50 PM - 05:05 PM
PHRM7802,1,FARUK,38/38,W 03:50 PM - 05:05 PM
PHRM7802,2,FARUK,36/39,MW 08:45 AM - 10:00 AM
PHRM7803,1,KAST,35/35,S 01:00 PM - 02:15 PM
PHRM7803,1,KAST,35/35,T 01:00 PM - 02:15 PM
PHRM7803,2,KAST,35/35,S 08:45 AM - 10:00 AM
PHRM7803,2,KAST,35/35,T 08:45 AM - 10:00 AM
PHRM7803,3,ANIK,9/30,S 08:45 AM - 10:00 AM
PHRM7803,3,ANIK,9/30,T 08:45 AM - 10:00 AM
PHRM7806,1,MNR,38/40,W 02:25 PM - 03:40 PM
PHRM7806,1,MNR,38/40,S 03:50 PM - 05:05 PM
PHRM7806,2,TBA,37/39,S 03:50 PM - 05:05 PM
PHRM7806,2,TBA,37/39,W 02:25 PM - 03:40 PM
PHRM7807,1,FKH,41/43,R 11:35 AM - 12:50 PM
PHRM7807,1,FKH,41/43,M 02:25 PM - 03:40 PM
PHRM7807,2,FKH,40/40,M 10:10 AM - 11:25 AM
PHRM7807,2,FKH,40/40,R 10:10 AM - 11:25 AM
PHRM7808,1,ANIK,27/35,MW 03:50 PM - 05:05 PM
PHRM7808,2,ANIK,27/35,MR 08:45 AM - 10:00 AM
PHRM7808,5,TBA,27/30,T 03:50 PM - 05:05 PM
PHRM7808,5,TBA,27/30,R 02:25 PM - 03:40 PM
PHRM951,01,TBA,39/40,F 08:00 AM - 10:30 AM
PHRM9510-L,1,FR,14/30,M 05:15 PM - 06:30 PM
PHRM951,11,SNR,40/41,T 07:00 PM - 09:30 PM
PHRM951,31,DRJA,44/46,W 07:00 PM - 09:30 PM
PHRM951,51,NZH,43/43,R 07:00 PM - 09:30 PM
PHRM952,01,DCFH,41/41,T 07:00 PM - 09:30 PM
PHRM952,02,DCFH,0/0,W 07:00 PM - 09:30 PM
PHRM952,11,TBA,30/40,W 07:00 PM - 09:30 PM
PHRM9521-L,1,TBA,13/30,S 05:55 PM - 07:10 PM
PHRM952,21,TBA,36/40,A 07:00 PM - 09:30 PM
PHRM952,61,TBA,14/40,A 08:30 AM - 10:00 AM
PHRM952,81,TBA,14/40,F 02:00 PM - 03:30 PM
PHRM952,91,TBA,27/40,F 09:00 AM - 01:00 PM
PHRM953,01,DSAI,38/40,F 10:40 AM - 01:10 PM
PHRM953,02,TBA,0/0,S 07:00 PM - 09:30 PM
PHRM953,11,TBA,0/40,F 09:00 AM - 01:00 PM
PHRM953,21,DARI,20/40,S 07:00 PM - 09:30 PM
PHRM953,22,TBA,0/40,T 07:00 PM - 09:30 PM
PHRM953,31,FR,38/40,M 07:00 PM - 09:30 PM
PHRM953,91,TBA,14/40,F 10:40 AM - 01:40 PM
PHRM954,01,TBA,20/40,F 10:40 AM - 01:40 PM
EHS306,1,KNN,0/40,TR 08:30 AM - 10:00 AM
EHS402,1,ASIB,0/40,MW 01:30 PM - 03:00 PM
EHS404,1,DMJAA,0/40,TR 04:50 PM - 06:20 PM
EHS406,1,KNN,0/40,S 03:10 PM - 04:40 PM
EHS406,1,KNN,0/40,R 03:00 PM - 04:40 PM
GEN7202,1,NAB,0/40,T 04:50 PM - 06:20 PM
GEN7202,1,NAB,0/40,R 04:50 PM - 06:20 PM
GEN7203,1,MRWS,0/40,T 08:30 AM - 10:00 AM
GEN7203,1,MRWS,0/40,S 08:30 AM - 10:00 AM
GEN7203,2,MRWS,0/40,T 01:30 PM - 03:00 PM
GEN7203,2,MRWS,0/40,R 01:30 PM - 03:00 PM
GEN7203,3,MEI,0/40,MW 08:30 AM - 10:00 AM
GEN7203,4,MEI,0/40,MW 10:10 AM - 11:40 AM
GEN7205,1,RN,0/40,MW 11:50 AM - 01:20 PM
GEN7205,2,KNH,0/40,ST 01:30 PM - 03:00 PM
GEN7205,3,KNH,0/40,ST 04:50 PM - 06:20 PM
GEN7205,4,JAKIA,0/40,MW 11:50 AM - 01:20 PM
GEN7207,1,MSML,0/40,ST 03:10 PM - 04:40 PM
GEN7207,2,RN,0/40,MW 08:30 AM - 10:00 AM
GEN7207,3,JAKIA,0/40,MW 08:30 AM - 10:00 AM
GEN7208,1,DMLR,0/40,ST 01:30 PM - 03:00 PM
GEN7208,2,DMLR,0/40,ST 10:10 AM - 11:40 AM
GEN7208,3,DMMHT,0/40,MW 08:30 AM - 10:00 AM
GEN7209,1,RTK,0/40,ST 08:30 AM - 10:00 AM
GEN7210,1,EH,0/40,MW 11:50 AM - 01:20 PM
GEN7210,2,EH,0/40,MW 03:10 PM - 04:40 PM
GEN7211,1,DAMA,0/40,ST 08:30 AM - 10:00 AM
GEN7211,2,DAMA,0/40,ST 11:50 AM - 01:20 PM
GEN7214,1,TT,0/40,ST 10:10 AM - 11:40 AM
GEN7214,2,TT,0/40,MW 10:10 AM - 11:40 AM
GEN7224,1,DAAB,0/40,ST 10:10 AM - 11:40 AM
GEN7224,2,DAAB,0/40,ST 01:30 PM - 03:00 PM
GEN7239,1,DMME,0/40,ST 08:30 AM - 10:00 AM
GEN7239,2,DMME,0/40,ST 11:50 AM - 01:20 PM
GEN7239,3,DMMHT,0/40,MW 11:50 AM - 01:20 PM
PHS301,1,DPAC,0/40,MW 03:10 PM - 04:40 PM
PHS302,1,DMZS,0/40,MW 08:30 AM - 10:00 AM
PHS303,1,DPAC,0/40,S 03:10 PM - 04:40 PM
PHS303,1,DPAC,0/40,R 03:10 PM - 04:40 PM
PHS304,1,DMZS,0/40,R 08:30 AM - 10:00 AM
PHS304,1,DMZS,0/40,S 08:30 AM - 10:00 AM
PHS305,1,DMZS,0/40,MW 11:50 AM - 01:20 PM
PHS306,1,DPAC,0/40,R 11:50 AM - 01:20 PM
PHS306,1,DPAC,0/40,S 11:50 AM - 01:20 PM
PHS307,1,RTK,0/40,MW 11:50 AM - 01:20 PM
PHS401,1,DAJF,0/40,TR 08:30 AM - 10:00 AM
PHS403,1,DMHK,0/40,MW 10:10 AM - 11:40 AM
PHS404,1,AMINULI,0/40,M 08:30 AM - 10:00 AM
PHS404,1,AMINULI,0/40,W 08:30 AM - 10:00 AM
PHS405,1,AMINULI,0/40,W 10:10 AM - 11:40 AM
PHS405,1,AMINULI,0/40,M 10:10 AM - 11:40 AM
PHS406,1,DMJAA,0/40,TR 01:30 PM - 03:00 PM
POP7201,1,DLN,0/40,MW 10:10 AM - 11:40 AM
POP7201,2,DLN,0/40,MW 01:30 PM - 03:00 PM
POP7202,1,DAJF,0/40,TR 10:10 AM - 11:40 AM
POP7202,2,MBH,0/40,T 10:10 AM - 11:40 AM
POP7202,2,MBH,0/40,R 10:10 AM - 11:40 AM
POP7203,1,HTM,0/40,R 11:50 AM - 01:20 PM
POP7203,1,HTM,0/40,S 11:50 AM - 01:20 PM
POP7203,2,HTM,0/40,S 08:30 AM - 10:00 AM
POP7203,2,HTM,0/40,R 08:30 AM - 10:00 AM
PPHS204,1,DMHK,0/40,MW 01:30 PM - 03:00 PM
PPHS204,2,DMHK,0/40,ST 11:50 AM - 01:20 PM
PPHS206,1,DMZS,0/40,SR 10:10 AM - 11:40 AM
PPHS206,2,QMR,0/40,S 11:50 AM - 01:20 PM
PPHS206,2,QMR,0/40,R 11:50 AM - 01:20 PM
PPHS207,1,SHM,0/40,MW 01:30 PM - 03:00 PM
PPHS207,2,TBA,0/40,S 04:50 PM - 06:20 PM
PPHS207,2,TBA,0/40,R 04:50 PM - 06:20 PM
PPHS208,1,MBH,0/40,T 08:30 AM - 10:00 AM
PPHS208,1,MBH,0/40,R 08:30 AM - 10:00 AM
PPHS209,1,SHM,0/40,S 01:30 PM - 03:00 PM
PPHS209,1,SHM,0/40,T 01:30 PM - 03:00 PM
PPHS495,1,TBA,0/40,A 01:30 PM - 03:00 PM
PPHS496,1,TBA,0/40,A 01:30 PM - 03:00 PM
PPHS7101,1,SHM,0/40,MW 11:50 AM - 01:20 PM
PPHS7101,2,MAMUN,0/40,S 11:50 AM - 01:20 PM
PPHS7101,2,MAMUN,0/40,R 11:50 AM - 01:20 PM
PPHS7102,1,QMR,0/40,ST 04:50 PM - 06:20 PM
PPHS7102,2,DPAC,0/40,T 04:50 PM - 06:20 PM
PPHS7102,2,DPAC,0/40,R 04:50 PM - 06:20 PM
PPHS7102,3,DAAH,0/40,MW 11:50 AM - 01:20 PM
PPHS7102,4,DAAH,0/40,MW 03:10 PM - 04:40 PM
PPHS7103,1,MRWS,0/40,MW 11:50 AM - 01:20 PM
PPHS7103,2,KNN,0/40,MW 04:50 PM - 06:20 PM
PPHS7104,1,NAZMIN,0/40,SR 08:30 AM - 10:00 AM
PPHS7104,2,NAZMIN,0/40,MW 01:30 PM - 03:00 PM
PPHS7105,1,QMR,0/40,MW 04:50 PM - 06:20 PM
PPHS7105,2,QMR,0/40,S 03:10 PM - 04:40 PM
PPHS7105,2,QMR,0/40,R 03:10 PM - 04:40 PM
PPHS7106,1,RTK,0/40,MW 03:10 PM - 04:40 PM
PPHS7106,2,MSML,0/40,ST 01:30 PM - 03:00 PM
PPHS7201,1,KNN,0/40,S 11:50 AM - 01:20 PM
PPHS7201,1,KNN,0/40,R 11:50 AM - 01:20 PM
PPHS7201,2,ASIB,0/40,MW 03:10 PM - 04:40 PM
PPHS7202,1,RTK,0/40,T 10:10 AM - 11:40 AM
PPHS7202,1,RTK,0/40,R 10:10 AM - 11:40 AM
PPHS7203,1,NAZMIN,0/40,R 03:10 PM - 04:40 PM
PPHS7203,1,NAZMIN,0/40,S 03:10 PM - 04:40 PM
PPHS7203,2,NAZMIN,0/40,S 11:50 AM - 01:20 PM
PPHS7203,2,NAZMIN,0/40,R 11:50 AM - 01:20 PM
PSS301,1,MAMUN,0/40,R 03:10 PM - 04:40 PM
PSS301,1,MAMUN,0/40,S 03:10 PM - 04:40 PM
PSS302,1,TBA,0/40,S 04:50 PM - 06:20 PM
PSS302,1,TBA,0/40,T 04:50 PM - 06:20 PM
PSS303,1,HTM,0/40,MW 04:50 PM - 06:20 PM
PSS307,1,MAMUN,0/40,MW 04:50 PM - 06:20 PM
PSS401,1,TT,0/40,MW 01:30 PM - 03:00 PM
PSS403,1,MAMUN,0/40,T 04:50 PM - 06:20 PM
PSS403,1,MAMUN,0/40,R 04:50 PM - 06:20 PM
SOC7101,1,DFM,0/0,MW 11:50 AM - 01:20 PM
SOC7101,2,HELAL,0/0,T 11:50 AM - 01:20 PM
SOC7101,2,HELAL,0/0,R 11:50 AM - 01:20 PM
SOC7101,3,MASOOM,0/40,ST 08:30 AM - 10:00 AM
SOC7101,4,RHN,0/40,MW 08:30 AM - 10:00 AM
SOC7101,5,IMF,0/40,T 03:10 PM - 04:40 PM
SOC7101,5,IMF,0/40,R 03:10 PM - 04:40 PM
SOC7101,6,SBZ,0/40,R 10:10 AM - 11:40 AM
SOC7101,6,SBZ,0/40,S 10:10 AM - 11:40 AM
SOC7101,7,DKK,0/40,SR 03:10 PM - 04:40 PM
SOC7101,8,DKK,0/40,SR 04:50 PM - 06:20 PM
SOC7101,9,USRA,0/40,S 10:10 AM - 11:40 AM
SOC7101,9,USRA,0/40,T 10:10 AM - 11:40 AM
SOC7101,10,USRA,0/40,T 11:50 AM - 01:20 PM
SOC7101,10,USRA,0/40,S 11:50 AM - 01:20 PM
SOC7101,14,TBA,0/0,W 11:50 AM - 01:20 PM
SOC7101,14,TBA,0/0,M 11:50 AM - 01:20 PM
SOC7102,1,MASOOM,0/40,MW 10:10 AM - 11:40 AM
SOC7102,2,HELAL,0/40,MW 03:10 PM - 04:40 PM
SOC7106,1,MASOOM,0/0,MW 08:30 AM - 10:00 AM
SOC7106,2,SBZ,0/0,S 03:10 PM - 04:40 PM
SOC7106,2,SBZ,0/0,R 03:10 PM - 04:40 PM
SOC7107,1,RHN,0/40,R 10:10 AM - 11:40 AM
SOC7107,1,RHN,0/40,S 10:10 AM - 11:40 AM
SOC7201,1,MZAN,0/40,T 03:10 PM - 04:40 PM
SOC7201,1,MZAN,0/40,R 03:10 PM - 04:40 PM
SOC7202,1,MZAN,0/40,R 11:50 AM - 01:20 PM
SOC7202,1,MZAN,0/40,T 11:50 AM - 01:20 PM
SOC7203,1,HELAL,0/40,MW 11:50 AM - 01:20 PM
SOC7205,1,DARK,0/40,TR 10:10 AM - 11:40 AM
SOC7205,2,DARK,0/40,T 11:50 AM - 01:20 PM
SOC7205,2,DARK,0/40,R 11:50 AM - 01:20 PM
SOC7206,1,RPN,0/40,S 10:10 AM - 11:40 AM
SOC7206,1,RPN,0/40,R 10:10 AM - 11:40 AM
SOC7206,2,SBZ,0/0,M 11:50 AM - 01:20 PM
SOC7206,2,SBZ,0/0,W 11:50 AM - 01:20 PM
SOC7208,1,IMF,0/40,MW 01:30 PM - 03:00 PM
SOC7210,1,RPN,0/40,MW 08:30 AM - 10:00 AM
SOC7218,1,MOU,0/40,MW 10:10 AM - 11:40 AM
SOC7220,1,MASOOM,0/40,ST 03:10 PM - 04:40 PM
SOC7220,2,RPN,0/40,MW 10:10 AM - 11:40 AM
SOC7221,1,IMF,0/40,MW 03:10 PM - 04:40 PM
SOC7301,1,MOU,0/40,T 11:50 AM - 01:20 PM
SOC7301,1,MOU,0/40,R 11:50 AM - 01:20 PM
SOC7303,1,MZAN,0/40,MW 10:10 AM - 11:40 AM
SOC7304,1,SBZ,0/40,MW 04:50 PM - 06:20 PM
SOC7305,1,RPN,0/40,T 01:30 PM - 03:00 PM
SOC7305,1,RPN,0/40,R 01:30 PM - 03:00 PM
SOC7307,1,IMF,0/40,T 08:30 AM - 10:00 AM
SOC7307,1,IMF,0/40,R 08:30 AM - 10:00 AM
SOC7309,1,MZAN,0/40,MW 03:10 PM - 04:40 PM
SOC7311,1,DFM,0/40,MW 01:30 PM - 03:00 PM
SOC7312,1,RHN,0/40,MW 11:50 AM - 01:20 PM
SOC7313,1,RHN,0/40,S 11:50 AM - 01:20 PM
SOC7313,1,RHN,0/40,R 11:50 AM - 01:20 PM
SOC7316,1,HELAL,0/40,R 03:10 PM - 04:40 PM
SOC7316,1,HELAL,0/40,T 03:10 PM - 04:40 PM
SOC7319,1,DFM,0/40,TR 10:10 AM - 11:40 AM
SOC7402,1,MOU,0/40,MW 01:30 PM - 03:00 PM
SOC7403,1,AIMU,0/40,ST 10:10 AM - 11:40 AM
SOC7406,1,DARK,0/40,MW 08:30 AM - 10:00 AM
SOC7407,1,AIMU,0/40,ST 11:50 AM - 01:20 PM
SOC7412,1,DARK,0/40,MW 10:10 AM - 11:40 AM
SOC7413,1,TBA,0/0,A 01:00 PM - 01:30 PM
SOC7414,1,TBA,0/0,A 10:30 AM - 01:20 PM
CHE7108,1,TBA,0/30,T 01:30 PM - 03:00 PM
CHE7108,1,TBA,0/30,T 04:50 PM - 06:50 PM
CHE7108,1,TBA,0/30,R 01:30 PM - 03:00 PM
CHE7108,2,TBA,0/30,W 10:10 AM - 12:10 PM
CHE7108,2,TBA,0/30,SR 04:50 PM - 06:20 PM
CHE7208,1,MANI,0/30,TR 04:50 PM - 06:20 PM
CHE7208,1,MANI,0/30,S 08:00 AM - 10:00 AM
CHE7208,2,NAZMUS,0/30,S 01:30 PM - 03:30 PM
CHE7208,2,NAZMUS,0/30,TR 03:10 PM - 04:40 PM
CHE7208,3,DMRB,0/30,ST 04:50 PM - 06:20 PM
CHE7208,3,DMRB,0/30,A 10:10 AM - 12:10 PM
GEB201,1,DSN,0/30,TR 11:50 AM - 01:20 PM
GEB201,1,MTQI,0/30,S 01:30 PM - 03:30 PM
GEB201,2,DTNA,0/30,S 01:30 PM - 03:30 PM
GEB201,2,DSN,0/30,ST 01:30 PM - 03:00 PM
GEB201,3,DKBA,0/30,MW 01:30 PM - 03:00 PM
GEB201,3,DKBA,0/30,T 08:30 AM - 10:00 AM
GEB204,1,DMHH,0/30,R 01:30 PM - 03:30 PM
GEB204,1,DMHH,0/30,MW 10:10 AM - 11:40 AM
GEB204,2,MANI,0/30,TR 11:50 AM - 01:20 PM
GEB204,2,MANI,0/30,R 01:30 PM - 03:30 PM
GEB302,1,DMMK,0/40,S 11:50 AM - 01:20 PM
GEB302,1,DMMK,0/40,T 11:50 AM - 01:20 PM
GEB302,2,DTNA,0/40,MW 01:30 PM - 03:00 PM
GEB302,3,TASMIA,0/40,TR 03:10 PM - 04:40 PM
GEB406,1,DMHH,0/40,W 01:30 PM - 03:00 PM
GEB406,1,DMHH,0/40,M 01:30 PM - 03:00 PM
GEB406,2,DMMB,0/40,W 11:50 AM - 01:20 PM
GEB406,2,DMMB,0/40,M 11:50 AM - 01:20 PM
GEB410,1,DMMK,0/40,MW 11:50 AM - 01:20 PM
GEB410,2,NAHSAN,0/40,R 04:50 PM - 06:20 PM
GEB410,2,NAHSAN,0/40,A 04:50 PM - 06:20 PM
GEB490,1,TBA,0/40,Research
GEB7101,1,MTR,0/40,MW 10:10 AM - 11:40 AM
GEB7101,2,DMMK,0/40,ST 08:30 AM - 10:00 AM
GEB7101,3,DMRB,0/40,ST 03:10 PM - 04:40 PM
GEB7101,4,TBA,0/40,TR 03:10 PM - 04:40 PM
GEB7103,1,DKBA,0/40,MW 10:10 AM - 11:40 AM
GEB7103,2,RFM,0/40,MW 01:30 PM - 03:00 PM
GEB7103,3,ZF,0/40,ST 08:30 AM - 10:00 AM
GEB7103,4,NAZMUS,0/40,TR 01:30 PM - 03:00 PM
GEB7104,1,RFM,0/30,ST 01:30 PM - 03:00 PM
GEB7104,1,RFM,0/30,T 10:10 AM - 12:10 PM
GEB7104,2,ZF,0/30,M 11:50 AM - 01:20 PM
GEB7104,2,ZF,0/30,MW 08:30 AM - 10:00 AM
GEB7104,3,TASMIA,0/30,MW 11:50 AM - 01:20 PM
GEB7104,3,TASMIA,0/30,S 10:10 AM - 12:10 PM
GEB7104,4,DMMB,0/30,M 01:30 PM - 03:30 PM
GEB7104,4,DMMB,0/30,MW 10:10 AM - 11:40 AM
GEB7105,1,DMMK,0/40,MW 08:30 AM - 10:00 AM
GEB7105,2,DTNA,0/40,MW 10:10 AM - 11:40 AM
GEB7106,1,DMHH,0/40,S 01:30 PM - 03:00 PM
GEB7106,1,DMHH,0/40,T 01:30 PM - 03:00 PM
GEB7202,1,DABT,0/30,R 10:10 AM - 12:10 PM
GEB7202,1,DABT,0/30,MW 10:10 AM - 11:40 AM
GEB7202,2,DMRI,0/30,A 01:30 PM - 03:30 PM
GEB7202,2,DMRI,0/30,TR 03:10 PM - 04:40 PM
GEB7202,3,DABT,0/30,MW 11:50 AM - 01:20 PM
GEB7202,3,DABT,0/30,A 10:10 AM - 12:10 PM
GEB7203,1,NAZMUS,0/40,MW 04:50 PM - 06:20 PM
GEB7203,2,TASMIA,0/40,TR 11:50 AM - 01:20 PM
GEB7301,1,NAZMUS,0/40,SR 04:50 PM - 06:20 PM
GEB7301,2,TBA,0/40,T 10:10 AM - 11:40 AM
GEB7301,2,TBA,0/40,R 10:10 AM - 11:40 AM
GEB7304,1,MTR,0/30,ST 11:50 AM - 01:20 PM
GEB7304,1,MTR,0/30,F 01:30 PM - 03:30 PM
GEB7304,2,DKBA,0/30,W 08:30 AM - 10:00 AM
GEB7304,2,DKBA,0/30,T 01:30 PM - 03:00 PM
GEB7304,2,DKBA,0/30,R 01:30 PM - 03:00 PM
GEB7305,1,ZF,0/40,TR 11:50 AM - 01:20 PM
GEB7308,1,DABT,0/30,ST 11:50 AM - 01:20 PM
GEB7308,1,DABT,0/30,R 01:30 PM - 03:30 PM
GEB7308,2,MTQI,0/30,S 08:00 AM - 10:00 AM
GEB7308,2,MTQI,0/30,MW 10:10 AM - 11:40 AM
GEB7308,3,MTQI,0/30,MW 03:10 PM - 04:40 PM
GEB7308,3,MTQI,0/30,S 10:10 AM - 12:10 PM
GEB7402,1,DTNA,0/30,R 01:30 PM - 03:30 PM
GEB7402,1,DSN,0/30,MW 11:50 AM - 01:20 PM
GEB7402,2,DTNA,0/30,S 11:50 AM - 01:20 PM
GEB7402,2,DTNA,0/30,T 01:30 PM - 03:30 PM
GEB7402,2,DTNA,0/30,T 11:50 AM - 01:20 PM
GEB7403,1,TASMIA,0/30,S 01:30 PM - 03:30 PM
GEB7403,1,TASMIA,0/30,MW 03:10 PM - 04:40 PM
GEB7403,2,MANI,0/30,MW 04:50 PM - 06:20 PM
GEB7403,2,MANI,0/30,S 10:10 AM - 12:10 PM
GEB7403,3,DMRI,0/30,F 10:10 AM - 12:10 PM
GEB7403,3,DMRI,0/30,TR 04:50 PM - 06:20 PM
GEB7407,1,NAHSAN,0/40,R 03:10 PM - 04:40 PM
GEB7407,1,NAHSAN,0/40,A 03:10 PM - 04:40 PM
GEB7420,1,RFM,0/40,ST 03:10 PM - 04:40 PM
GEB7424,1,MTR,0/40,ST 10:10 AM - 11:40 AM
GEB7426,1,MTQI,0/40,T 11:50 AM - 01:20 PM
GEB7426,1,MTQI,0/40,R 11:50 AM - 01:20 PM
GEB7427,1,RFM,0/40,MW 03:10 PM - 04:40 PM
GEB7428,1,DMHH,0/40,ST 10:10 AM - 11:40 AM
GEB7499,1,TBA,0/40,Project
LGF880,11,TBA,0/30,A 07:00 PM - 09:30 PM
LGF880,12,TBA,0/30,F 02:30 PM - 05:00 PM
LGF880,21,TBA,0/30,S 06:40 PM - 09:10 PM
LGF880,22,TBA,0/30,S 06:40 PM - 09:10 PM
LGF880,31,TBA,0/30,F 02:30 PM - 05:00 PM
LGF880,32,TBA,0/30,A 04:20 PM - 06:50 PM
LGF880,41,TBA,0/30,A 04:20 PM - 06:50 PM
LGF880,42,TBA,0/30,A 07:00 PM - 09:30 PM
LGF880,51,TBA,0/30,F 08:00 AM - 10:30 AM
LGF880,52,TBA,0/30,F 08:00 AM - 10:30 AM
LGF880,61,TBA,0/30,F 10:40 AM - 01:10 PM
LGF880,62,TBA,0/30,F 10:40 AM - 01:10 PM
FIN950,11,TBA,0/30,F 09:00 AM - 12:00 PM
FIN950,12,TBA,0/30,M 06:30 PM - 09:30 PM
FIN952,11,TBA,0/30,S 06:30 PM - 09:30 PM
FIN952,41,TBA,0/30,F 09:00 AM - 12:00 PM
HRM950,11,TBA,0/30,F 09:00 AM - 12:00 PM
HRM950,12,TBA,0/30,M 06:30 PM - 09:30 PM
HRM952,21,TBA,0/30,M 06:30 PM - 09:30 PM
HRM952,31,TBA,0/30,A 06:30 PM - 09:30 PM
MGT960,01,TBA,0/30,T 06:30 PM - 09:30 PM
MGT960,02,TBA,0/30,M 06:30 PM - 09:30 PM
MIS950,11,TBA,0/30,A 03:00 PM - 06:00 PM
MIS950,12,TBA,0/30,S 06:30 PM - 09:30 PM
MKT950,11,TBA,0/30,S 06:30 PM - 09:30 PM
MKT950,12,TBA,0/30,F 03:00 PM - 06:00 PM
MKT952,11,TBA,0/30,A 06:30 PM - 09:30 PM
MKT952,71,TBA,0/30,F 06:30 PM - 09:30 PM
OPM950,11,TBA,0/30,M 06:30 PM - 09:30 PM
OPM950,12,TBA,0/30,F 03:00 PM - 06:00 PM
SCM952,31,TBA,0/30,F 06:30 PM - 09:30 PM
SCM952,71,TBA,0/30,F 09:00 AM - 12:00 PM